Workbook

Sheet 2016 (rev3)
B3: PRODUCCIÓN MENSUAL DE ENERGÍA ELÉCTRICA EN EGASA
B4: AÑO 2016 (MWh)
B6: CENTRALES | C6: Enero | D6: Febrero | E6: Marzo | F6: Abril | G6: Mayo | H6: Junio | I6: Julio | J6: Agosto | K6: Septiembre | L6: Octubre | M6: Noviembre | N6: Diciembre | O6: Acumulado
B7: Hidráulica
B8: Charcani I | C8: 1200.3127 | D8: 595.62766 | E8: 1109.2468 | F8: 1127.1816 | G8: 1133.3096 | H8: 1135.6821 | I8: 1181.7817 | J8: 1185.2003 | K8: 1181.474 | L8: 1245.8838 | M8: 1178.9328 | N8: 1245.6465 | O8: =+SUM(C8:N8) -> 13520.279
B9: Charcani II | C9: 417.6062 | D9: 355.83638 | E9: 413.04622 | F9: 403.44701 | G9: 410.37315 | H9: 394.81751 | I9: 287.22853 | J9: 401.31071 | K9: 411.91617 | L9: 423.46907 | M9: 403.90083 | N9: 420.58886 | O9: =+SUM(C9:N9) -> 4743.5406
B10: Charcani III | C10: 3348.0482 | D10: 2962.1098 | E10: 3255.6861 | F10: 3265.2526 | G10: 3232.8522 | H10: 3255.7149 | I10: 3359.2217 | J10: 3320.3623 | K10: 3241.1074 | L10: 3349.2048 | M10: 3199.8066 | N10: 3378.4625 | O10: =+SUM(C10:N10) -> 39167.829
B11: Charcani IV | C11: 7625.7598 | D11: 7253.5199 | E11: 7647.2709 | F11: 7324.9903 | G11: 7284.2654 | H11: 7247.1245 | I11: 7492.9544 | J11: 7411.6765 | K11: 7936.2177 | L11: 8130.645 | M11: 7772.5023 | N11: 7774.0505 | O11: =+SUM(C11:N11) -> 90900.977
B12: Charcani V | C12: 44560.97 | D12: 51114.303 | E12: 45291.949 | F12: 43101.63 | G12: 44554.95 | H12: 43092.401 | I12: 44548.85 | J12: 44536.922 | K12: 47393.736 | L12: 48996.122 | M12: 47409.62 | N12: 46748.368 | O12: =+SUM(C12:N12) -> 551349.82
B13: Charcani VI | C13: 4414.3695 | D13: 4126.7638 | E13: 4482.7831 | F13: 4195.4087 | G13: 4473.8741 | H13: 4304.7715 | I13: 4513.0974 | J13: 4425.3353 | K13: 4583.0286 | L13: 4722.4734 | M13: 4106.3715 | N13: 4463.2136 | O13: =+SUM(C13:N13) -> 52811.49
B14: Total Hidraúlica | C14: =SUM(C8:C13) -> 61567.067 | D14: =SUM(D8:D13) -> 66408.16 | E14: =SUM(E8:E13) -> 62199.982 | F14: =SUM(F8:F13) -> 59417.911 | G14: =SUM(G8:G13) -> 61089.624 | H14: =SUM(H8:H13) -> 59430.512 | I14: =SUM(I8:I13) -> 61383.133 | J14: =SUM(J8:J13) -> 61280.807 | ... N14: =SUM(N8:N13) -> 64030.33 | O14: =+SUM(C14:N14) -> 752493.94
B15: Térmica
B16: T.Vapor | C16: 0 | D16: 0 | E16: 0 | F16: 0 | G16: 0 | H16: 0 | I16: 0 | J16: 0 | K16: 0 | L16: 0 | M16: 0 | N16: 0 | O16: =+SUM(C16:N16) -> 0
B17: T.G.-Ciclo Combinado | C17: 134.52245 | D17: 54.015014 | E17: 72.848699 | F17: 48.837975 | G17: 52.559226 | H17: 0 | I17: 54.399136 | J17: 0 | K17: 0 | L17: 57.050833 | M17: 28.55654 | N17: 0 | O17: =+SUM(C17:N17) -> 502.78987
B18: Sulzers | C18: 2898.6855 | D18: 2115.9897 | E18: 339.40915 | F18: 240.20707 | G18: 1612.7645 | H18: 2753.1754 | I18: 3111.3778 | J18: 4587.8711 | K18: 4150.3115 | L18: 1122.1332 | M18: 3499.8228 | N18: 1063.9934 | O18: =+SUM(C18:N18) -> 27495.741
B19: C.T. Mollendo | C19: 4696.5428 | D19: 2367.8451 | E19: 341.36491 | F19: 353.19135 | G19: 2436.2082 | H19: 2605.0519 | I19: 1853.8934 | J19: 2984.2871 | K19: 1357.986 | L19: 391.94482 | M19: 4093.6307 | N19: 1769.7624 | O19: =+SUM(C19:N19) -> 25251.709
B20: C.T. Pisco | C20: 30896.331 | D20: 40302.368 | E20: 37376.767 | F20: 44975.479 | G20: 49165.363 | H20: 46126.459 | I20: 48407.289 | J20: 50743.657 | K20: 45292.577 | L20: 52765.779 | M20: 49098.928 | N20: 44732.824 | O20: =+SUM(C20:N20) -> 539883.82
B21: Total Térmica | C21: =SUM(C16:C20) -> 38626.082 | D21: =SUM(D16:D20) -> 44840.218 | E21: =SUM(E16:E20) -> 38130.39 | F21: =SUM(F16:F20) -> 45617.716 | G21: =SUM(G16:G20) -> 53266.895 | H21: =SUM(H16:H20) -> 51484.687 | I21: =SUM(I16:I20) -> 53426.96 | J21: =SUM(J16:J20) -> 58315.816 | ... N21: =SUM(N16:N20) -> 47566.58 | O21: =+SUM(C21:N21) -> 593134.06
B22: TOTAL EGASA | C22: =+C14+C21 -> 100193.15 | D22: =+D14+D21 -> 111248.38 | E22: =+E14+E21 -> 100330.37 | F22: =+F14+F21 -> 105035.63 | G22: =+G14+G21 -> 114356.52 | H22: =+H14+H21 -> 110915.2 | I22: =+I14+I21 -> 114810.09 | J22: =+J14+J21 -> 119596.62 | ... N22: =+N14+N21 -> 111596.91 | O22: =+SUM(C22:N22) -> 1345628
B24: BALANCE DE ENERGÍA EN MWh - AÑO 2016
B26: DESCRIPCIÓN | C26: Enero | D26: Febrero | E26: Marzo | F26: Abril | G26: Mayo | H26: Junio | I26: Julio | J26: Agosto | K26: Septiembre | L26: Octubre | M26: Noviembre | N26: Diciembre | O26: Acumulado
B27: Energía producida | C27: =+C28+C29 -> 100193.15 | D27: =+D28+D29 -> 111248.38 | E27: =+E28+E29 -> 100330.37 | F27: =+F28+F29 -> 105035.63 | G27: =+G28+G29 -> 114356.52 | H27: =+H28+H29 -> 110915.2 | I27: =+I28+I29 -> 114810.09 | J27: =+J28+J29 -> 119596.62 | ... N27: =+N28+N29 -> 111596.91 | O27: =SUM(C27:N27) -> 1345628
B28: Hidroeléctrica | C28: =+C14 -> 61567.067 | D28: =+D14 -> 66408.16 | E28: =+E14 -> 62199.982 | F28: =+F14 -> 59417.911 | G28: =+G14 -> 61089.624 | H28: =+H14 -> 59430.512 | I28: =+I14 -> 61383.133 | J28: =+J14 -> 61280.807 | ... N28: =+N14 -> 64030.33 | O28: =SUM(C28:N28) -> 752493.94
B29: Termoeléctrica | C29: =+C21 -> 38626.082 | D29: =+D21 -> 44840.218 | E29: =+E21 -> 38130.39 | F29: =+F21 -> 45617.716 | G29: =+G21 -> 53266.895 | H29: =+H21 -> 51484.687 | I29: =+I21 -> 53426.96 | J29: =+J21 -> 58315.816 | ... N29: =+N21 -> 47566.58 | O29: =SUM(C29:N29) -> 593134.06
B30: Compra de energía | C30: =+C31 -> 0 | D30: =+D31 -> 0 | E30: =+E31 -> 0 | F30: =+F31 -> 0 | G30: =+G31 -> 0 | H30: =+H31 -> 0 | I30: =+I31 -> 0 | J30: =+J31 -> 0 | ... N30: =+N31 -> 0 | O30: =SUM(C30:N30) -> 0
B31: COES | C31: 0 | D31: 0 | E31: 0 | F31: 0 | G31: 0 | H31: 0 | I31: 0 | J31: 0 | K31: 0 | L31: 0 | M31: 0 | N31: 0 | O31: =SUM(C31:N31) -> 0
B32: Consumo propio de centrales | C32: =+C33+C34 -> 828.19244 | D32: =+D33+D34 -> 724.68752 | E32: =+E33+E34 -> 479.02384 | F32: =+F33+F34 -> 508.52441 | G32: =+G33+G34 -> 710.26335 | H32: =+H33+H34 -> 793.18931 | I32: =+I33+I34 -> 808.26003 | J32: =+J33+J34 -> 958.30577 | ... N32: =+N33+N34 -> 647.67077 | O32: =SUM(C32:N32) -> 8880.9936
B33: Hidroeléctrica | C33: 299.46542 | D33: 284.22147 | E33: 285.79649 | F33: 288.87511 | G33: 300.9717 | H33: 298.59112 | I33: 316.58368 | J33: 317.9686 | K33: 305.51325 | L33: 318.41516 | M33: 298.42689 | N33: 311.25935 | O33: =SUM(C33:N33) -> 3626.0882
B34: Termoeléctrica | C34: 528.72702 | D34: 440.46605 | E34: 193.22735 | F34: 219.6493 | G34: 409.29165 | H34: 494.59819 | I34: 491.67635 | J34: 640.33717 | K34: 549.56921 | L34: 312.68727 | M34: 638.26436 | N34: 336.41142 | O34: =SUM(C34:N34) -> 5254.9053
B35: Pérdidas Sistemas Transmisión | C35: =+C36+C37 -> 1464.8406 | D35: =+D36+D37 -> 1505.3921 | E35: =+E36+E37 -> 1484.6567 | F35: =+F36+F37 -> 1623.4725 | G35: =+G36+G37 -> 1659.0197 | H35: =+H36+H37 -> 1533.8382 | I35: =+I36+I37 -> 1521.3792 | J35: =+J36+J37 -> 1779.6095 | ... N35: =+N36+N37 -> 1541.1865 | O35: =SUM(C35:N35) -> 18997.521
B36: En muy alta tensión | C36: 585.93623 | D36: 602.15683 | E36: 593.86269 | F36: 649.38902 | G36: 663.60789 | H36: 613.53529 | I36: 608.55169 | J36: 711.84378 | K36: 641.93214 | L36: 652.34887 | M36: 659.36917 | N36: 616.47461 | O36: =SUM(C36:N36) -> 7599.0082
B37: En alta tensión | C37: 878.90435 | D37: 903.23525 | E37: 890.79404 | F37: 974.08353 | G37: 995.41183 | H37: 920.30293 | I37: 912.82753 | J37: 1067.7657 | K37: 962.8982 | L37: 978.5233 | M37: 989.05376 | N37: 924.71192 | O37: =SUM(C37:N37) -> 11398.512
B38: Energía total disponible | C38: =+C27+C30-C32-C35 -> 97900.115 | D38: =+D27+D30-D32-D35 -> 109018.3 | E38: =+E27+E30-E32-E35 -> 98366.691 | F38: =+F27+F30-F32-F35 -> 102903.63 | G38: =+G27+G30-G32-G35 -> 111987.24 | H38: =+H27+H30-H32-H35 -> 108588.17 | I38: =+I27+I30-I32-I35 -> 112480.45 | J38: =+J27+J30-J32-J35 -> 116858.71 | ... N38: =+N27+N30-N32-N35 -> 109408.05 | O38: =SUM(C38:N38) -> 1317749.5
B39: Venta de energía | C39: =+C40+C43+C53 -> 97900.115 | D39: =+D40+D43+D53 -> 109018.3 | E39: =+E40+E43+E53 -> 98366.691 | F39: =+F40+F43+F53 -> 102903.63 | G39: =+G40+G43+G53 -> 111987.24 | H39: =+H40+H43+H53 -> 108588.17 | I39: =+I40+I43+I53 -> 112480.45 | J39: =+J40+J43+J53 -> 116858.71 | ... N39: =+N40+N43+N53 -> 109408.05 | O39: =SUM(C39:N39) -> 1317749.5
B40: A Emp. Generadoras | C40: =+C41+C42 -> 26081.763 | D40: =+D41+D42 -> 39723.074 | E40: =+E41+E42 -> 28203.448 | F40: =+F41+F42 -> 35341.813 | G40: =+G41+G42 -> 43647.145 | H40: =+H41+H42 -> 43532.293 | I40: =+I41+I42 -> 46252.634 | J40: =+J41+J42 -> 49007.1 | ... N40: =+N41+N42 -> 41527.679 | O40: =SUM(C40:N40) -> 506477.14
B41: COES | C41: 26081.763 | D41: 39723.074 | E41: 28203.448 | F41: 35341.813 | G41: 43647.145 | H41: 43532.293 | I41: 46252.634 | J41: 49007.1 | K41: 47106.387 | L41: 52500.203 | M41: 53553.601 | N41: 41527.679 | O41: =SUM(C41:N41) -> 506477.14
B42: Electroperú (SWAP) | C42: 0 | D42: 0 | E42: 0 | F42: 0 | G42: 0 | H42: 0 | I42: 0 | J42: 0 | K42: 0 | L42: 0 | M42: 0 | O42: =SUM(C42:N42) -> 0
B43: A emp. Distribuidoras: | C43: =SUM(C44:C52) -> 71124.379 | D43: =SUM(D44:D52) -> 68489.157 | E43: =SUM(E44:E52) -> 69339.989 | F43: =SUM(F44:F52) -> 66755.886 | G43: =SUM(G44:G52) -> 67413.699 | H43: =SUM(H44:H52) -> 64187.6 | I43: =SUM(I44:I52) -> 65281.066 | J43: =SUM(J44:J52) -> 66869.162 | ... N43: =SUM(N44:N52) -> 65712.746 | O43: =SUM(C43:N43) -> 799378.73
B44: Edelnor | C44: 13642.554 | D44: 13378.521 | E44: 13377.868 | F44: 12758.429 | G44: 12889.447 | H44: 11900.284 | I44: 12504.08 | J44: 12559.827 | K44: 12248.36 | L44: 12425.68 | M44: 11995.583 | N44: 12860.65 | O44: =SUM(C44:N44) -> 152541.28
B45: Luz del Sur | C45: 48522.058 | D45: 47162.769 | E45: 47750.361 | F45: 45938.621 | G45: 45994.086 | H45: 43408.443 | I45: 43648.555 | J45: 45003.718 | K45: 44058.722 | L45: 44786.867 | M45: 43397.986 | N45: 44576.271 | O45: =SUM(C45:N45) -> 544248.46
B46: Edecañete | C46: 673.68021 | D46: 668.94531 | E46: 702.05651 | F46: 643.7468 | G46: 633.06595 | H46: 582.1898 | I46: 586.01564 | J46: 604.89448 | K46: 589.28817 | L46: 607.99298 | M46: 617.67491 | N46: 657.33319 | O46: =SUM(C46:N46) -> 7566.8839
B47: Electrosur | C47: 1266.4756 | D47: 1208.6597 | E47: 1265.333 | F47: 1179.596 | G47: 1219.3601 | H47: 1186.2663 | I47: 1180.3155 | J47: 1174.1523 | K47: 1150.0977 | L47: 1196.2811 | M47: 1169.3668 | N47: 1272.5746 | O47: =SUM(C47:N47) -> 14468.479
B48: Electrosur Este | C48: 1189.912 | D48: 1110.6101 | E48: 1199.572 | F48: 1190.8857 | G48: 1288.0536 | H48: 1282.6383 | I48: 1337.0179 | J48: 1377.9781 | K48: 1339.7577 | L48: 1092.1151 | M48: 1059.6224 | N48: 1052.8594 | O48: =SUM(C48:N48) -> 14521.022
B49: Electropuno | C49: 835.77447 | D49: 764.50198 | E49: 900.24035 | F49: 928.32165 | G49: 931.25605 | H49: 1006.3001 | I49: 1072.6156 | J49: 1054.5221 | K49: 960.0484 | L49: 1008.4991 | M49: 866.69063 | N49: 934.1636 | O49: =SUM(C49:N49) -> 11262.934
B50: Seal Licitaciones | C50: 1920.7384 | D50: 1743.2614 | E50: 1880.1695 | F50: 1844.1122 | G50: 1872.4806 | H50: 1814.2673 | I50: 1840.1069 | J50: 1829.8191 | K50: 1766.778 | L50: 1830.9409 | M50: 1760.1874 | N50: 1769.6885 | O50: =SUM(C50:N50) -> 21872.55
B51: Electro Oriente | C51: 3031.1778 | D51: 2411.6081 | E51: 2220.0904 | F51: 2226.1531 | G51: 2539.5738 | H51: 2960.8382 | I51: 3065.4627 | J51: 3218.6453 | K51: 2837.5109 | L51: 2519.4432 | M51: 2780.7621 | N51: 2542.3317 | O51: =SUM(C51:N51) -> 32353.597
B52: Electro Dunas | C52: 42.00876 | D52: 40.2804 | E52: 44.29911 | F52: 46.01995 | G52: 46.37581 | H52: 46.37293 | I52: 46.89683 | J52: 45.6062 | K52: 46.85912 | L52: 46.5267 | M52: 45.40885 | N52: 46.87414 | O52: =SUM(C52:N52) -> 543.5288
B53: A clientes Libres | C53: =+C54+C55 -> 693.97355 | D53: =+D54+D55 -> 806.06786 | E53: =+E54+E55 -> 823.25462 | F53: =+F54+F55 -> 805.93025 | G53: =+G54+G55 -> 926.3913 | H53: =+H54+H55 -> 868.27838 | I53: =+I54+I55 -> 946.75381 | J53: =+J54+J55 -> 982.44526 | ... N53: =+N54+N55 -> 2167.6283 | O53: =SUM(C53:N53) -> 11893.612
B54: MICHELL | C54: 0 | D54: 0 | E54: 0 | F54: 0 | G54: 0 | H54: 0 | I54: 0 | J54: 0 | K54: 0 | L54: 0 | M54: 0 | N54: 1106.23 | O54: =SUM(C54:N54) -> 1106.23
B55: TISUR | C55: 693.97355 | D55: 806.06786 | E55: 823.25462 | F55: 805.93025 | G55: 926.3913 | H55: 868.27838 | I55: 946.75381 | J55: 982.44526 | K55: 984.63353 | L55: 928.18055 | M55: 960.07469 | N55: 1061.3983 | O55: =SUM(C55:N55) -> 10787.382
B57: Venta de Energia | C57: =+C53+C43 -> 71818.352 | D57: =+D53+D43 -> 69295.225 | E57: =+E53+E43 -> 70163.244 | F57: =+F53+F43 -> 67561.816 | G57: =+G53+G43 -> 68340.09 | H57: =+H53+H43 -> 65055.878 | I57: =+I53+I43 -> 66227.82 | J57: =+J53+J43 -> 67851.608 | ... N57: =+N53+N43 -> 67880.374
C59: =+C38-C39 -> 0 | D59: =+D38-D39 -> 0 | E59: =+E38-E39 -> 0 | F59: =+F38-F39 -> 0 | G59: =+G38-G39 -> 0 | H59: =+H38-H39 -> 0 | I59: =+I38-I39 -> 0 | J59: =+J38-J39 -> 0 | ... N59: =+N38-N39 -> 0
C60: =+C59*0.4 -> 0 | D60: =+D59*0.4 -> 0 | E60: =+E59*0.4 -> 0 | F60: =+F59*0.4 -> 0 | G60: =+G59*0.4 -> 0 | H60: =+H59*0.4 -> 0 | I60: =+I59*0.4 -> 0 | J60: =+J59*0.4 -> 0 | ... N60: =+N59*0.4 -> 0
C61: =+C59*0.6 -> 0 | D61: =+D59*0.6 -> 0 | E61: =+E59*0.6 -> 0 | F61: =+F59*0.6 -> 0 | G61: =+G59*0.6 -> 0 | H61: =+H59*0.6 -> 0 | I61: =+I59*0.6 -> 0 | J61: =+J59*0.6 -> 0 | ... N61: =+N59*0.6 -> 0
C63: =C35/C27 -> 0.014620167 | D63: =D35/D27 -> 0.013531811 | E63: =E35/E27 -> 0.01479768 | F63: =F35/F27 -> 0.015456399 | G63: =G35/G27 -> 0.014507435 | H63: =H35/H27 -> 0.013828927 | I63: =I35/I27 -> 0.013251267 | J63: =J35/J27 -> 0.014880098 | ... N63: =N35/N27 -> 0.013810297

Sheet 2017
C3: PRODUCCIÓN MENSUAL DE ENERGÍA ELÉCTRICA EN EGASA
C4: AÑO 2017 (MWh)
C6: CENTRALES | D6: Enero | E6: Febrero | F6: Marzo | G6: Abril | H6: Mayo | I6: Junio | J6: Julio | K6: Agosto | L6: Septiembre | M6: Octubre | N6: Noviembre | O6: Diciembre | P6: Acumulado
C7: Hidráulica
C8: Charcani I | D8: 1131.6971 | E8: 914.19372 | F8: 505.61345 | G8: 944.25365 | H8: 1227.7596 | I8: 1202.2403 | J8: 1235.1516 | K8: 1230.5896 | L8: 1183.1837 | M8: 1216.7963 | N8: 1187.2042 | O8: 1251.6718 | P8: =+SUM(D8:O8) -> 13230.355
C9: Charcani II | D9: 404.73452 | E9: 336.87828 | F9: 327.47807 | G9: 381.87174 | H9: 420.97334 | I9: 413.60733 | J9: 418.39151 | K9: 427.37558 | L9: 412.9533 | M9: 421.47836 | N9: 412.4977 | O9: 425.81247 | P9: =+SUM(D9:O9) -> 4804.0522
C10: Charcani III | D10: 3164.3521 | E10: 2773.7265 | F10: 2575.2854 | G10: 2829.559 | H10: 3338.7908 | I10: 3218.1126 | J10: 3369.2486 | K10: 3347.609 | L10: 3274.419 | M10: 3340.67 | N10: 3241.3551 | O10: 3359.3087 | P10: =+SUM(D10:O10) -> 37832.437
C11: Charcani IV | D11: 7358.1597 | E11: 6429.6375 | F11: 6143.83 | G11: 9510.1653 | H11: 8125.0136 | I11: 7969.1913 | J11: 8614.8832 | K11: 8700.8902 | L11: 9202.4403 | M11: 9507.6287 | N11: 9149.1548 | O11: 9418.4096 | P11: =+SUM(D11:O11) -> 100129.4
C12: Charcani V | D12: 44993.963 | E12: 40649.44 | F12: 43714.557 | G12: 66287.283 | H12: 49329.039 | I12: 47392.87 | J12: 53425.856 | K12: 53423 | L12: 56007.731 | M12: 57878.946 | N12: 56010.855 | O12: 57899.012 | P12: =+SUM(D12:O12) -> 627012.55
C13: Charcani VI | D13: 4089.3769 | E13: 3380.5336 | F13: 3716.264 | G13: 5029.652 | H13: 4767.6958 | I13: 4657.1431 | J13: 5335.1314 | K13: 5340.779 | L13: 5405.8122 | M13: 5808.1043 | N13: 5052.4007 | O13: 5803.1061 | P13: =+SUM(D13:O13) -> 58385.999
C14: Total Hidraúlica | D14: =SUM(D8:D13) -> 61142.283 | E14: =SUM(E8:E13) -> 54484.409 | F14: =SUM(F8:F13) -> 56983.028 | G14: =SUM(G8:G13) -> 84982.785 | H14: =SUM(H8:H13) -> 67209.272 | I14: =SUM(I8:I13) -> 64853.164 | J14: =SUM(J8:J13) -> 72398.663 | K14: =SUM(K8:K13) -> 72470.243 | ... O14: =SUM(O8:O13) -> 78157.321 | P14: =+SUM(D14:O14) -> 841394.8
C15: Térmica
C16: T.Vapor | D16: 0 | E16: 0 | F16: 0 | G16: 0 | H16: 0 | I16: 0 | J16: 0 | K16: 0 | L16: 0 | M16: 0 | N16: 0 | O16: 0 | P16: =+SUM(D16:O16) -> 0
C17: T.G.-Ciclo Combinado | D17: 11.521423 | E17: 102.89407 | F17: 0 | G17: 0 | H17: 0 | I17: 0 | J17: 0 | K17: 0 | L17: 0 | M17: 0 | N17: 0 | O17: 0 | P17: =+SUM(D17:O17) -> 114.41549
C18: Sulzers | D18: 701.38252 | E18: 4552.8757 | F18: 3140.7568 | G18: 662.34038 | H18: 5715.1801 | I18: 3761.4463 | J18: 3836.0574 | K18: 4949.569 | L18: 4231.9094 | M18: 1336.9326 | N18: 9.0435825 | O18: 0 | P18: =+SUM(D18:O18) -> 32897.494
C19: C.T. Mollendo | D19: 1338.8287 | E19: 1483.0366 | F19: 2141.9592 | G19: 517.03764 | H19: 6634.3076 | I19: 2702.6777 | J19: 3860.8097 | K19: 2968.5403 | L19: 6470.4783 | M19: 770.84478 | N19: 202.8605 | O19: 0 | P19: =+SUM(D19:O19) -> 29091.381
C20: C.T. Pisco | D20: 35832.495 | E20: 25329.233 | F20: 33050.704 | G20: 28109.256 | H20: 42951.487 | I20: 49800.828 | J20: 53082.504 | K20: 52230.597 | L20: 34196.315 | M20: 50020.208 | N20: 47598.942 | O20: 49422.494 | P20: =+SUM(D20:O20) -> 501625.06
C21: Total Térmica | D21: =SUM(D16:D20) -> 37884.227 | E21: =SUM(E16:E20) -> 31468.039 | F21: =SUM(F16:F20) -> 38333.421 | G21: =SUM(G16:G20) -> 29288.634 | H21: =SUM(H16:H20) -> 55300.974 | I21: =SUM(I16:I20) -> 56264.952 | J21: =SUM(J16:J20) -> 60779.371 | K21: =SUM(K16:K20) -> 60148.706 | ... O21: =SUM(O16:O20) -> 49422.494 | P21: =+SUM(D21:O21) -> 563728.35
C22: TOTAL EGASA | D22: =+D14+D21 -> 99026.51 | E22: =+E14+E21 -> 85952.449 | F22: =+F14+F21 -> 95316.449 | G22: =+G14+G21 -> 114271.42 | H22: =+H14+H21 -> 122510.25 | I22: =+I14+I21 -> 121118.12 | J22: =+J14+J21 -> 133178.03 | K22: =+K14+K21 -> 132618.95 | ... O22: =+O14+O21 -> 127579.82 | P22: =+SUM(D22:O22) -> 1405123.2
Q23: 1000
C24: BALANCE DE ENERGÍA EN MWh - AÑO 2017
C26: DESCRIPCIÓN | D26: Enero | E26: Febrero | F26: Marzo | G26: Abril | H26: Mayo | I26: Junio | J26: Julio | K26: Agosto | L26: Septiembre | M26: Octubre | N26: Noviembre | O26: Diciembre | P26: Acumulado
C27: Energía producida | D27: =+D28+D29 -> 99026.51 | E27: =+E28+E29 -> 85952.449 | F27: =+F28+F29 -> 95316.449 | G27: =+G28+G29 -> 114271.42 | H27: =+H28+H29 -> 122510.25 | I27: =+I28+I29 -> 121118.12 | J27: =+J28+J29 -> 133178.03 | K27: =+K28+K29 -> 132618.95 | ... O27: =+O28+O29 -> 127579.82 | P27: =SUM(D27:O27) -> 1405123.2
C28: Hidroeléctrica | D28: =+D14 -> 61142.283 | E28: 54484.409 | F28: 56983.028 | G28: 84982.785 | H28: 67209.272 | I28: 64853.164 | J28: 72398.663 | K28: 72470.243 | L28: 75486.539 | M28: 78173.624 | N28: 75053.467 | O28: 78157.321 | P28: =SUM(D28:O28) -> 841394.8
C29: Termoeléctrica | D29: =+D21 -> 37884.227 | E29: 31468.039 | F29: 38333.421 | G29: 29288.634 | H29: 55300.974 | I29: 56264.952 | J29: 60779.371 | K29: 60148.706 | L29: 44898.703 | M29: 52127.985 | N29: 47810.846 | O29: 49422.494 | P29: =SUM(D29:O29) -> 563728.35
C30: Compra de energía | D30: =+D31 -> 0 | E30: =+E31 -> 0 | F30: =+F31 -> 0 | G30: =+G31 -> 0 | H30: =+H31 -> 0 | I30: =+I31 -> 0 | J30: =+J31 -> 0 | K30: =+K31 -> 0 | ... O30: =+O31 -> 0 | P30: =SUM(D30:O30) -> 0
C31: COES | D31: 0 | E31: 0 | F31: 0 | G31: 0 | H31: 0 | I31: 0 | J31: 0 | K31: 0 | L31: 0 | M31: 0 | P31: =SUM(D31:O31) -> 0
C32: Consumo propio de centrales | D32: =+D33+D34 -> 577.77153 | E32: =+E33+E34 -> 749.33384 | F32: =+F33+F34 -> 714.08569 | G32: =+G33+G34 -> 463.39152 | H32: =+H33+H34 -> 1153.8461 | I32: =+I33+I34 -> 883.06092 | J32: =+J33+J34 -> 989.60583 | K32: =+K33+K34 -> 1090.7572 | ... O32: =+O33+O34 -> 496.19404 | P32: =SUM(D32:O32) -> 9126.7927
C33: Hidroeléctrica | D33: 323.39033 | E33: 285.10255 | F33: 222.03207 | G33: 273.87732 | H33: 313.07544 | I33: 308.26231 | J33: 306.54787 | K33: =+K83/1000 -> 303.78866 | L33: 298.25999 | M33: 304.89975 | N33: 296.39112 | O33: 304.11797 | P33: =SUM(D33:O33) -> 3539.7454
C34: Termoeléctrica | D34: 254.3812 | E34: 464.23129 | F34: 492.05362 | G34: 189.5142 | H34: 840.77068 | I34: 574.79861 | J34: 683.05796 | K34: =+K92/1000 -> 786.96854 | L34: 551.80792 | M34: 350.61766 | N34: 206.76957 | O34: 192.07607 | P34: =SUM(D34:O34) -> 5587.0473
C35: Pérdidas Sistemas Transmisión | D35: =+D36+D37 -> 1440.4882 | E35: =+E36+E37 -> 1197.3389 | F35: =+F36+F37 -> 1283.2811 | G35: =+G36+G37 -> 1429.5567 | H35: =+H36+H37 -> 1602.683 | I35: =+I36+I37 -> 1525.2077 | J35: =+J36+J37 -> 1596.717 | K35: =+K36+K37 -> 1477.3707 | ... O35: =+O36+O37 -> 1162.8164 | P35: =SUM(D35:O35) -> 17170.615
C36: En muy alta tensión | D36: 576.19529 | E36: 478.93557 | F36: 513.31246 | G36: 571.82268 | H36: 641.07321 | I36: 610.0831 | J36: 638.68681 | K36: 590.94829 | L36: 645.66206 | M36: 586.93949 | N36: 549.46031 | O36: 465.12655 | P36: =SUM(D36:O36) -> 6868.2458
C37: En alta tensión | D37: 864.29294 | E37: 718.40336 | F37: 769.96869 | G37: 857.73402 | H37: 961.60982 | I37: 915.12464 | J37: 958.03021 | K37: 886.42243 | L37: 968.49308 | M37: 880.40923 | N37: 824.19047 | O37: 697.68982 | P37: =SUM(D37:O37) -> 10302.369
C38: Energía total disponible | D38: =+D27+D30-D32-D35 -> 97008.251 | E38: =+E27+E30-E32-E35 -> 84005.776 | F38: =+F27+F30-F32-F35 -> 93319.082 | G38: =+G27+G30-G32-G35 -> 112378.47 | H38: =+H27+H30-H32-H35 -> 119753.72 | I38: =+I27+I30-I32-I35 -> 118709.85 | J38: =+J27+J30-J32-J35 -> 130591.71 | K38: =+K27+K30-K32-K35 -> 130050.82 | ... O38: =+O27+O30-O32-O35 -> 125920.8 | P38: =SUM(D38:O38) -> 1378825.7
C39: Venta de energía | D39: =+D40+D43+D53 -> 97008.251 | E39: =+E40+E43+E53 -> 84005.776 | F39: =+F40+F43+F53 -> 93319.082 | G39: =+G40+G43+G53 -> 112378.47 | H39: =+H40+H43+H53 -> 119753.72 | I39: =+I40+I43+I53 -> 118709.85 | J39: =+J40+J43+J53 -> 130591.71 | K39: =+K40+K43+K53 -> 130050.82 | ... O39: =+O40+O43+O53 -> 125920.8 | P39: =SUM(D39:O39) -> 1378825.7
C40: A Emp. Generadoras | D40: =+D41+D42 -> 29272.657 | E40: =+E41+E42 -> 19489.25 | F40: =+F41+F42 -> 22711.859 | G40: =+G41+G42 -> 46974.932 | H40: =+H41+H42 -> 53403.568 | I40: =+I41+I42 -> 55895.141 | J40: =+J41+J42 -> 67141.65 | K40: =+K41+K42 -> 65521.447 | ... O40: =+O41+O42 -> 62624.172 | P40: =SUM(D40:O40) -> 601775.5 | R40: =+H35-R38 -> 1602.683
C41: COES | D41: 29272.657 | E41: 19489.25 | F41: 22711.859 | G41: 46974.932 | H41: 53403.568 | I41: 55895.141 | J41: 67141.65 | K41: 65521.447 | L41: 54886.926 | M41: 64405.112 | N41: 59448.79 | O41: 62624.172 | P41: =SUM(D41:O41) -> 601775.5
C42: Electroperú (SWAP) | D42: 0 | E42: 0 | F42: 0 | G42: 0 | H42: 0 | I42: 0 | J42: 0 | K42: 0 | L42: 0 | M42: 0 | N42: 0 | P42: =SUM(D42:O42) -> 0
C43: A emp. Distribuidoras: | D43: =SUM(D44:D52) -> 65811.09 | E43: =SUM(E44:E52) -> 62374.744 | F43: =SUM(F44:F52) -> 68078.409 | G43: =SUM(G44:G52) -> 62932.901 | H43: =(SUM(H44:H52)) -> 63751.12 | I43: =SUM(I44:I52) -> 60092.32 | J43: =SUM(J44:J52) -> 61088.623 | K43: =SUM(K44:K52) -> 62096.121 | L43: =SUM(L44:L52) -> 60457.349 | M43: =SUM(M44:M52) -> 61036.383 | N43: =SUM(N44:N52) -> 58888.856 | O43: =SUM(O44:O52) -> 60752.804 | P43: =SUM(D43:O43) -> 747360.72
C44: Edelnor | D44: 12538.446 | E44: 11744.085 | F44: 12472.109 | G44: 11537.996 | H44: 11933.225 | I44: 11142.879 | J44: 11718.093 | K44: 11885.653 | L44: 11737.945 | M44: 11966.413 | N44: 11382.165 | O44: 12090.232 | P44: =SUM(D44:O44) -> 142149.24
C45: Luz del Sur | D45: 45691.871 | E45: 43405.982 | F45: 47742.977 | G45: 43509.734 | H45: 43819.933 | I45: 41212.927 | J45: 41168.374 | K45: 41886.842 | L45: 40820.252 | M45: 41903.16 | N45: 40948.671 | O45: 42015.271 | P45: =SUM(D45:O45) -> 514125.99
C46: Edecañete | D46: 701.51241 | E46: 685.35765 | F46: 755.34198 | G46: 670.98206 | H46: 635.68632 | I46: 579.7007 | J46: 609.49804 | K46: 609.09029 | L46: 593.4001 | M46: 596.38426 | N46: 602.4169 | O46: 652.35199 | P46: =SUM(D46:O46) -> 7691.7227
C47: Electrosur | D47: =1346734.02/1000 -> 1346.734 | E47: 1248.8314 | F47: 1373.2503 | G47: =1244646.67/1000 -> 1244.6467 | H47: 1217.8301 | I47: 1166.5842 | J47: 1151.8261 | K47: 1154.2161 | L47: 1126.0251 | M47: 1192.437 | N47: 1165.215 | O47: 1238.1784 | P47: =SUM(D47:O47) -> 14625.775
C48: Electrosur Este | D48: 946.9811 | E48: 852.57804 | F48: 967.79113 | G48: 957.32346 | H48: 1005.9666 | I48: 972.86138 | J48: 1003.8378 | K48: 1047.7417 | L48: 1022.4317 | M48: 1038.6788 | N48: 994.19535 | O48: 979.73809 | P48: =SUM(D48:O48) -> 11790.125
C49: Electropuno | D49: 817.04521 | E49: 829.67459 | F49: 852.79243 | G49: 871.87143 | H49: 871.29813 | I49: 886.30021 | J49: 941.25543 | K49: 920.09702 | L49: 921.32484 | M49: 928.80054 | N49: 860.14202 | O49: 871.3745 | P49: =SUM(D49:O49) -> 10571.976
C50: Seal Licitaciones | D50: 1672.1712 | E50: 1517.2814 | F50: 1683.557 | G50: 1585.5529 | H50: 1655.8581 | I50: 1592.1631 | J50: 1608.0709 | K50: 1619.8583 | L50: 1587.0477 | M50: 1642.9313 | N50: 1600.6064 | O50: 1661.6878 | P50: =SUM(D50:O50) -> 19426.786 | R50: 1000
C51: Electro Oriente | D51: 2056.1604 | E51: 2054.1244 | F51: 2191.7805 | G51: 2512.4715 | H51: 2563.2504 | I51: 2492.2628 | J51: 2839.2511 | K51: 2924.9811 | L51: 2599.8439 | M51: 1720.2983 | N51: 1287.5524 | O51: 1193.9517 | P51: =SUM(D51:O51) -> 26435.929
C52: Electro Dunas | D52: 40.16914 | E52: 36.82956 | F52: 38.81013 | G52: 42.32277 | H52: 48.07224 | I52: 46.64066 | J52: 48.4165 | K52: 47.64162 | L52: 49.07817 | M52: 47.27974 | N52: 47.89266 | O52: 50.01869 | P52: =SUM(D52:O52) -> 543.17188
C53: A clientes Libres | D53: =+D54+D55 -> 1924.5028 | E53: =+E54+E55 -> 2141.7818 | F53: =+F54+F55 -> 2528.8139 | G53: =+G54+G55 -> 2470.6384 | H53: =+H54+H55 -> 2599.0297 | I53: =+I54+I55 -> 2722.3865 | J53: =+J54+J55 -> 2361.4384 | K53: =+K54+K55 -> 2433.2541 | ... O53: =+O54+O55 -> 2543.8291 | P53: =SUM(D53:O53) -> 29689.521
C54: MICHELL | D54: 1082.6055 | E54: 1214.4758 | F54: 1485.7235 | G54: 1367.565 | H54: 1477.2889 | I54: 1475.1914 | J54: 1292.5748 | K54: 1320.0597 | L54: 1330.3863 | M54: 1452.7919 | N54: 1455.6017 | O54: 1311.1587 | P54: =SUM(D54:O54) -> 16265.423
C55: TISUR | D55: 841.89728 | E55: 927.30604 | F55: 1043.0904 | G55: 1103.0734 | H55: 1121.7408 | I55: 1247.1951 | J55: 1068.8636 | K55: 1113.1944 | L55: 1246.3577 | M55: 1284.456 | N55: 1194.2532 | O55: 1232.6704 | P55: =SUM(D55:O55) -> 13424.098 | R55: =P43/7 -> 106765.82
R56: =R55*12 -> 1281189.8
C57: VENTA DE ENERGIA | D57: =+D43+D53 -> 67735.593 | E57: =+E43+E53 -> 64516.526 | F57: =+F43+F53 -> 70607.223 | G57: =+G43+G53 -> 65403.539 | H57: =+H43+H53 -> 66350.149 | I57: =+I43+I53 -> 62814.706 | J57: =+J43+J53 -> 63450.061 | K57: =+K43+K53 -> 64529.375 | ... P57: =+P43+P53 -> 777050.24 | R57: =794000 -> 794000
R58: =R57/R56 -> 0.61973643
D59: =+D38-D39 -> 0 | E59: =+E38-E39 -> 0 | F59: =+F38-F39 -> 0 | G59: =+G38-G39 -> 0 | H59: =+H38-H39 -> 0 | I59: =+I38-I39 -> 0 | J59: =+J38-J39 -> 0 | K59: =+K38-K39 -> 0 | ... O59: =+O38-O39 -> 0
D60: =+D59*0.4 -> 0 | E60: =+E59*0.4 -> 0 | F60: =+F59*0.4 -> 0 | G60: =+G59*0.4 -> 0 | H60: =+H59*0.4 -> 0 | I60: =+I59*0.4 -> 0 | J60: =+J59*0.4 -> 0 | K60: =+K59*0.4 -> 0 | ... O60: =+O59*0.4 -> 0
D61: =+D59*0.6 -> 0 | E61: =+E59*0.6 -> 0 | F61: =+F59*0.6 -> 0 | G61: =+G59*0.6 -> 0 | H61: =+H59*0.6 -> 0 | I61: =+I59*0.6 -> 0 | J61: =+J59*0.6 -> 0 | K61: =+K59*0.6 -> 0 | ... O61: =+O59*0.6 -> 0
D63: =D35/D27 -> 0.014546491 | E63: =E35/E27 -> 0.013930248 | F63: =F35/F27 -> 0.013463376 | G63: =G35/G27 -> 0.012510186 | H63: =H35/H27 -> 0.013082033 | I63: =I35/I27 -> 0.01259273 | J63: =J35/J27 -> 0.011989342 | K63: =K35/K27 -> 0.011139967 | ... O63: =O35/O27 -> 0.0091144227
D65: =+D53+D43 -> 67735.593 | E65: =+E53+E43 -> 64516.526 | F65: =+F53+F43 -> 70607.223 | G65: =+G53+G43 -> 65403.539 | H65: =+H53+H43 -> 66350.149 | I65: =+I53+I43 -> 62814.706 | J65: =+J53+J43 -> 63450.061 | K65: =+K53+K43 -> 64529.375 | ... O65: =+O53+O43 -> 63296.633
B69: Auxiliares | C69: Medicion | D69: =+D26 -> Enero | E69: =+E26 -> Febrero | F69: =+F26 -> Marzo | G69: =+G26 -> Abril | H69: =+H26 -> Mayo | I69: =+I26 -> Junio | J69: =+J26 -> Julio | K69: =+K26 -> Agosto | ... P69: =+P26 -> Acumulado
B70: Charcani I | C70: Aux (1) | K70: 8814.7263
B71: Charcani II | C71: Aux (2) | K71: 1527.9247
B72: Charcani III | C72: Aux | K72: 1305.4369
C73: Toma III | K73: 4572.8953
C74: Toma P3,P4,P5,P6 | K74: 1555.9969
C75: Total (3) | K75: =+K72+K73-K74 -> 4322.3353
B76: Charcani IV | C76: Aux (4) | K76: 6657.2092
B77: Charcani V | C77: Aux G1 | K77: 52409.603
C78: Aux G2 | K78: 224943.28
C79: Antena | K79: 7661.9121
C80: P1 | K80: 2310.6453
C81: Total (5) | K81: =+K77+K78-K79-K80 -> 267380.33
B82: Charcani VI | C82: Aux (6) | K82: 15086.135
B83: Total Hidraulica | C83: Total Hidraulica | K83: =+K70+K71+K75+K76+K81+K82 -> 303788.66 | L83: =+#REF!-#REF! -> #REF! | M83: =+#REF!-#REF! -> #REF! | N83: =+#REF!-#REF! -> #REF! | O83: =+#REF!-#REF! -> #REF! | P83: =+#REF!-#REF! -> #REF!
B85: Chilina | C85: TG | K85: 1032.493
C86: C. Edificio | K86: 43862.024
C87: Sulzer | K87: 421682.45
B88: Mollendo | C88: Mirrles | K88: 122453.66
B89: Pisco | C89: Pisco Aux1 | K89: 62101.577
C90: Pisco Aux2 | K90: 61463.832
C91: Alimentador de Calentadores | K91: 74372.498
B92: Total Termica | C92: Total Termica | K92: =+SUM(K85:K91) -> 786968.54 | L92: =+SUM(L85:L91) -> 0 | M92: =+SUM(M85:M91) -> 0 | N92: =+SUM(N85:N91) -> 0 | O92: =+SUM(O85:O91) -> 0 | P92: =+SUM(P85:P91) -> 0
I94: =+I92/1000 -> 0
I96: =+I34 -> 574.79861

Sheet 2018
C3: PRODUCCIÓN MENSUAL DE ENERGÍA ELÉCTRICA EN EGASA
C4: AÑO 2017 (MWh)
C6: CENTRALES | D6: Enero | E6: Febrero | F6: Marzo | G6: Abril | H6: Mayo | I6: Junio | J6: Julio | K6: Agosto | L6: Septiembre | M6: Octubre | N6: Noviembre | O6: Diciembre | P6: Acumulado
C7: Hidráulica
C8: Charcani I | D8: 1131.6971 | P8: =+SUM(D8:O8) -> 1131.6971
C9: Charcani II | D9: 404.73452 | P9: =+SUM(D9:O9) -> 404.73452
C10: Charcani III | D10: 3164.3521 | P10: =+SUM(D10:O10) -> 3164.3521
C11: Charcani IV | D11: 7358.1597 | P11: =+SUM(D11:O11) -> 7358.1597
C12: Charcani V | D12: 44993.963 | P12: =+SUM(D12:O12) -> 44993.963
C13: Charcani VI | D13: 4089.3769 | P13: =+SUM(D13:O13) -> 4089.3769
C14: Total Hidraúlica | D14: =SUM(D8:D13) -> 61142.283 | E14: =SUM(E8:E13) -> 0 | F14: =SUM(F8:F13) -> 0 | G14: =SUM(G8:G13) -> 0 | H14: =SUM(H8:H13) -> 0 | I14: =SUM(I8:I13) -> 0 | J14: =SUM(J8:J13) -> 0 | K14: =SUM(K8:K13) -> 0 | ... O14: =SUM(O8:O13) -> 0 | P14: =+SUM(D14:O14) -> 61142.283
C15: Térmica
C16: T.Vapor | D16: 0 | P16: =+SUM(D16:O16) -> 0
C17: T.G.-Ciclo Combinado | D17: 11.521423 | P17: =+SUM(D17:O17) -> 11.521423
C18: Sulzers | D18: 701.38252 | P18: =+SUM(D18:O18) -> 701.38252
C19: C.T. Mollendo | D19: 1338.8287 | P19: =+SUM(D19:O19) -> 1338.8287
C20: C.T. Pisco | D20: 35832.495 | P20: =+SUM(D20:O20) -> 35832.495
C21: Total Térmica | D21: =SUM(D16:D20) -> 37884.227 | E21: =SUM(E16:E20) -> 0 | F21: =SUM(F16:F20) -> 0 | G21: =SUM(G16:G20) -> 0 | H21: =SUM(H16:H20) -> 0 | I21: =SUM(I16:I20) -> 0 | J21: =SUM(J16:J20) -> 0 | K21: =SUM(K16:K20) -> 0 | ... O21: =SUM(O16:O20) -> 0 | P21: =+SUM(D21:O21) -> 37884.227
C22: TOTAL EGASA | D22: =+D14+D21 -> 99026.51 | E22: =+E14+E21 -> 0 | F22: =+F14+F21 -> 0 | G22: =+G14+G21 -> 0 | H22: =+H14+H21 -> 0 | I22: =+I14+I21 -> 0 | J22: =+J14+J21 -> 0 | K22: =+K14+K21 -> 0 | ... O22: =+O14+O21 -> 0 | P22: =+SUM(D22:O22) -> 99026.51
Q23: 1000
C24: BALANCE DE ENERGÍA EN MWh - AÑO 2018
C26: DESCRIPCIÓN | D26: Enero | E26: Febrero | F26: Marzo | G26: Abril | H26: Mayo | I26: Junio | J26: Julio | K26: Agosto | L26: Septiembre | M26: Octubre | N26: Noviembre | O26: Diciembre | P26: Acumulado
C27: Energía producida | D27: =+D28+D29 -> 116590.34 | E27: =+E28+E29 -> 102739.3 | F27: =+F28+F29 -> 115111.37 | G27: =+G28+G29 -> 86446.789 | H27: =+H28+H29 -> 73820.186 | I27: =+I28+I29 -> 70980.624 | J27: =+J28+J29 -> 75723.573 | K27: =+K28+K29 -> 75196.366 | ... O27: =+O28+O29 -> 91081.007 | P27: =SUM(D27:O27) -> 1041584
C28: Hidroeléctrica | D28: 89076.605 | E28: 91831.452 | F28: 108580.26 | G28: 82397.809 | H28: 67084.678 | I28: 67034.988 | J28: 74143.988 | K28: 73728.608 | L28: 70018.542 | M28: 78763.008 | N28: =74636334.9403163/1000 -> 74636.335 | O28: 78264.531 | P28: =SUM(D28:O28) -> 955560.81
C29: Termoeléctrica | D29: 27513.735 | E29: 10907.846 | F29: 6531.1074 | G29: 4048.9795 | H29: 6735.5071 | I29: 3945.6362 | J29: 1579.5853 | K29: 1467.7571 | L29: 793.22606 | M29: 1359.4774 | N29: =8323907.8109382/1000 -> 8323.9078 | O29: 12816.476 | P29: =SUM(D29:O29) -> 86023.241
C30: Compra de energía | D30: =+D31 -> 0 | E30: =+E31 -> 0 | F30: =+F31 -> 0 | G30: =+G31 -> 0 | H30: =+H31 -> 0 | I30: =+I31 -> 0 | J30: =+J31 -> 4111.8636 | K30: =+K31 -> 1905.4541 | ... O30: =+O31 -> 0 | P30: =SUM(D30:O30) -> 7679.3483
C31: COES | D31: 0 | E31: 0 | F31: 0 | G31: 0 | H31: 0 | I31: 0 | J31: 4111.8636 | K31: 1905.4541 | L31: 0 | M31: 1662.0306 | N31: 0 | P31: =SUM(D31:O31) -> 7679.3483
C32: Consumo propio de centrales | D32: =+D33+D34 -> 425.41875 | E32: =+E33+E34 -> 392.10484 | F32: =+F33+F34 -> 367.90234 | G32: =+G33+G34 -> 330.86296 | H32: =+H33+H34 -> 332.21455 | I32: =+I33+I34 -> 497.07396 | J32: =+J33+J34 -> 461.66019 | K32: =+K33+K34 -> 319.34972 | ... O32: =+O33+O34 -> 321.19504 | P32: =SUM(D32:O32) -> 4391.4736
C33: Hidroeléctrica | D33: 319.19512 | E33: 304.26569 | F33: 343.00388 | G33: 314.31736 | H33: 304.53582 | I33: 304.33451 | J33: 310.33159 | K33: 302.5947 | L33: 299.11276 | M33: 307.57254 | N33: 295.35651 | O33: =289.454726041317-5.79740113270283 -> 283.65732 | P33: =SUM(D33:O33) -> 3688.2778
C34: Termoeléctrica | D34: 106.22363 | E34: 87.839149 | F34: 24.898467 | G34: 16.545597 | H34: 27.67873 | I34: 192.73945 | J34: 151.3286 | K34: 16.755024 | L34: 3.2110245 | M34: 3.8782018 | N34: 34.560249 | O34: 37.537713 | P34: =SUM(D34:O34) -> 703.19584
C35: Pérdidas Sistemas Transmisión | D35: =+D36+D37 -> 1513.918 | E35: =+E36+E37 -> 1308.8409 | F35: =+F36+F37 -> 895.09963 | G35: =+G36+G37 -> 1267.1498 | H35: =+H36+H37 -> 1122.7229 | I35: =+I36+I37 -> 881.15667 | J35: =+J36+J37 -> 503.51932 | K35: =+K36+K37 -> 946.38392 | ... O35: =+O36+O37 -> 1112.4926 | P35: =SUM(D35:O35) -> 14987.621
C36: En muy alta tensión | D36: 605.56719 | E36: 523.53636 | F36: 358.03985 | G36: 506.85992 | H36: 449.08916 | I36: 352.46267 | J36: 201.40773 | K36: 378.55357 | L36: 360.48576 | M36: 836.87701 | N36: 977.17205 | O36: 444.99703 | P36: =SUM(D36:O36) -> 5995.0483
C37: En alta tensión | D37: 908.35079 | E37: 785.30453 | F37: 537.05978 | G37: 760.28988 | H37: 673.63374 | I37: 528.694 | J37: 302.11159 | K37: 567.83035 | L37: 540.72865 | M37: 1255.3155 | N37: 1465.7581 | O37: 667.49555 | P37: =SUM(D37:O37) -> 8992.5725
C38: Energía total disponible | D38: =+D27+D30-D32-D35 -> 114651 | E38: =+E27+E30-E32-E35 -> 101038.35 | F38: =+F27+F30-F32-F35 -> 113848.37 | G38: =+G27+G30-G32-G35 -> 84848.776 | H38: =+H27+H30-H32-H35 -> 72365.248 | I38: =+I27+I30-I32-I35 -> 69602.393 | J38: =+J27+J30-J32-J35 -> 78870.257 | K38: =+K27+K30-K32-K35 -> 75836.086 | ... O38: =+O27+O30-O32-O35 -> 89647.319 | P38: =SUM(D38:O38) -> 1029884.3
C39: Venta de energía | D39: =+D40+D43+D54 -> 114651 | E39: =+E40+E43+E54 -> 101038.35 | F39: =+F40+F43+F54 -> 113848.37 | G39: =+G40+G43+G54 -> 84848.776 | H39: =+H40+H43+H54 -> 72365.248 | I39: =+I40+I43+I54 -> 69602.393 | J39: =+J40+J43+J54 -> 78870.257 | K39: =+K40+K43+K54 -> 75836.086 | ... O39: =+O40+O43+O54 -> 89647.319 | P39: =SUM(D39:O39) -> 1029884.3
C40: A Emp. Generadoras | D40: =+D41+D42 -> 56927.84 | E40: =+E41+E42 -> 46159.398 | F40: =+F41+F42 -> 55089.721 | G40: =+G41+G42 -> 26944.745 | H40: =+H41+H42 -> 14637.573 | I40: =+I41+I42 -> 14444.374 | J40: =+J41+J42 -> 22422.158 | K40: =+K41+K42 -> 19364.859 | ... O40: =+O41+O42 -> 32152.651 | P40: =SUM(D40:O40) -> 350450.71
C41: COES | D41: 56927.84 | E41: 46159.398 | F41: 55089.721 | G41: 26944.745 | H41: 14637.573 | I41: 14444.374 | J41: 22422.158 | K41: 19364.859 | L41: 14685.295 | M41: 23227.62 | N41: 24394.476 | O41: 32152.651 | P41: =SUM(D41:O41) -> 350450.71
C42: Electroperú (SWAP) | D42: 0 | E42: 0 | F42: 0 | G42: 0 | H42: 0 | I42: 0 | J42: 0 | K42: 0 | L42: 0 | M42: 0 | N42: 0 | P42: =SUM(D42:O42) -> 0
C43: A emp. Distribuidoras: | D43: =SUM(D44:D52) -> 54830.9 | E43: =SUM(E44:E52) -> 52239.07 | F43: =SUM(F44:F52) -> 55735.654 | G43: =SUM(G44:G53) -> 55075.946 | H43: =SUM(H44:H53) -> 54587.342 | I43: =SUM(I44:I53) -> 52199.137 | J43: =SUM(J44:J53) -> 53331.173 | K43: =SUM(K44:K53) -> 53704.336 | L43: =SUM(L44:L53) -> 52262.628 | M43: =SUM(M44:M53) -> 53513.975 | N43: =SUM(N44:N53) -> 53176.671 | ... P43: =SUM(P44:P53) -> 645862.01
C44: Edelnor | D44: 12092.203 | E44: 11329.898 | F44: 12293.932 | G44: 11811.546 | H44: 11678.863 | I44: 11183.292 | J44: 11369.888 | K44: 11358.021 | L44: 10996.761 | M44: 11516.386 | N44: 11381.287 | O44: 11909.133 | P44: =SUM(D44:O44) -> 138921.21
C45: Luz del Sur | D45: 36140.874 | E45: 34176.203 | F45: 36875.445 | G45: 35040.426 | H45: 34619.318 | I45: 33164.132 | J45: 33427.862 | K45: 33415.18 | L45: 32089.387 | M45: 33410.705 | N45: 33071.724 | O45: 33197.633 | P45: =SUM(D45:O45) -> 408628.89
C46: Edecañete | D46: 588.39279 | E46: 536.36629 | F46: 606.09712 | G46: 564.01938 | H46: 549.73437 | I46: 508.47031 | J46: 529.164 | K46: 521.58837 | L46: 496.76963 | M46: 527.1421 | N46: 525.20128 | O46: 574.5721 | P46: =SUM(D46:O46) -> 6527.5177
C47: Electrosur | D47: 1290.4922 | E47: 1263.8534 | F47: 1311.5347 | G47: 1222.2812 | H47: 1220.3276 | I47: 1180.2344 | J47: 1186.4946 | K47: 1146.1252 | L47: 1130.6363 | M47: 1210.8368 | N47: 1212.6666 | O47: 1259.678 | P47: =SUM(D47:O47) -> 14635.161
C48: Electrosur Este | D48: 880.79773 | E48: 799.14484 | F48: 915.66388 | G48: 907.7494 | H48: 959.1532 | I48: 948.5087 | J48: 1021.4783 | K48: 1019.9543 | L48: =987282.6/1000 -> 987.2826 | M48: 1023.1989 | N48: =957910.55/1000 -> 957.91055 | O48: 989.06925 | P48: =SUM(D48:O48) -> 11409.912
C49: Electropuno | D49: 799.89579 | E49: 740.66444 | F49: 869.02832 | G49: 837.19208 | H49: 854.80139 | I49: 873.25084 | J49: 914.4512 | K49: 858.01193 | L49: 862.90316 | M49: 883.20701 | N49: 805.02893 | O49: 846.72786 | P49: =SUM(D49:O49) -> 10145.163
C50: Seal | D50: 1564.3521 | E50: 1396.7154 | F50: 1586.2701 | G50: 1520.1463 | H50: 1553.7064 | I50: 1521.6182 | J50: 1548.6524 | K50: 1563.92 | L50: 1549.1567 | M50: 1634.3837 | N50: 1605.8136 | O50: 1655.1005 | P50: =SUM(D50:O50) -> 18699.835
C51: Electro Oriente | D51: 1427.2919 | E51: 1954.659 | F51: 1226.7278 | G51: 1287.0481 | H51: 1337.0475 | I51: 1416.4152 | J51: 1784.3707 | K51: 1855.7593 | L51: =2058254.25/1000 -> 2058.2542 | M51: 729.87338 | N51: 846.25377 | O51: 1573.9465 | P51: =SUM(D51:O51) -> 17497.647
C52: Electro Dunas | D52: 46.6004 | E52: 41.566 | F52: 50.95471 | G52: 50.73815 | H52: 53.6353 | I52: 53.69029 | J52: 54.77909 | K52: 54.67257 | L52: 51.83735 | M52: 54.45489 | N52: 51.19209 | O52: 52.53909 | P52: =SUM(D52:O52) -> 616.65993
C53: Coelvisac | D53: 0 | E53: 0 | F53: 0 | G53: 1834.7989 | H53: 1760.7543 | I53: 1349.5246 | J53: 1494.0329 | K53: 1911.1037 | L53: 2039.6406 | M53: 2523.787 | N53: 2719.593 | O53: 3146.7747 | P53: =SUM(D53:O53) -> 18780.01
C54: A clientes Libres | D54: =+SUM(D55:D57) -> 2892.2636 | E54: =+SUM(E55:E57) -> 2639.8846 | F54: =+SUM(F55:F57) -> 3022.9914 | G54: =+SUM(G55:G57) -> 2828.0859 | H54: =+SUM(H55:H57) -> 3140.3333 | I54: =+SUM(I55:I57) -> 2958.8826 | J54: =+SUM(J55:J57) -> 3116.9254 | K54: =+SUM(K55:K57) -> 2766.8909 | ... P54: =+SUM(P55:P57) -> 33571.586
C55: MICHELL | D55: 1440.1263 | E55: 1435.9344 | F55: 1533.9428 | G55: 1524.7065 | H55: 1626.97 | I55: 1562.2956 | J55: 1456.0698 | K55: 1332.0992 | L55: 1259.2011 | M55: 1277.2473 | N55: 1286.873 | O55: 826.36955 | P55: =SUM(D55:O55) -> 16561.836
C56: TISUR | D56: 1184.7458 | E56: 988.86301 | F56: 1237.1513 | G56: 1076.628 | H56: 1287.1673 | I56: 1165.1049 | J56: 1440.9147 | K56: 1210.6632 | L56: 1181.0526 | M56: 1132.2702 | N56: 1121.6347 | O56: 1259.5258 | P56: =SUM(D56:O56) -> 14285.722
C57: NATURGEN | D57: 267.39151 | E57: 215.08714 | F57: 251.89729 | G57: 226.7514 | H57: 226.19597 | I57: 231.48205 | J57: 219.94089 | K57: 224.12847 | L57: 220.05295 | M57: 229.76103 | N57: =207741.12/1000 -> 207.74112 | O57: 203.59903 | P57: =SUM(D57:O57) -> 2724.0289
C60: Fuente: COES - EGASA
D61: =D39-D40 -> 57723.163 | E61: =E39-E40 -> 54878.955 | F61: =F39-F40 -> 58758.646 | G61: =G39-G40 -> 57904.032 | H61: =H39-H40 -> 57727.675 | I61: =I39-I40 -> 55158.019 | J61: =J39-J40 -> 56448.099 | K61: =K39-K40 -> 56471.227 | ... O61: =O39-O40 -> 57494.668
D63: =+D38-D39 -> 0 | E63: =+E38-E39 -> 0 | F63: =+F38-F39 -> 0 | G63: =+G38-G39 -> 0 | H63: =+H38-H39 -> 0 | I63: =+I38-I39 -> 0 | J63: =+J38-J39 -> -1.3998942e-08 | K63: =+K38-K39 -> 0 | ... O63: =+O38-O39 -> 0
D64: =+D63*0.4 -> 0 | E64: =+E63*0.4 -> 0 | F64: =+F63*0.4 -> 0 | G64: =+G63*0.4 -> 0 | H64: =+H63*0.4 -> 0 | I64: =+I63*0.4 -> 0 | J64: =+J63*0.4 -> -5.599577e-09 | K64: =+K63*0.4 -> 0 | ... O64: =+O63*0.4 -> 0
D65: =+D63*0.6 -> 0 | E65: =+E63*0.6 -> 0 | F65: =+F63*0.6 -> 0 | G65: =+G63*0.6 -> 0 | H65: =+H63*0.6 -> 0 | I65: =+I63*0.6 -> 0 | J65: =+J63*0.6 -> -8.3993655e-09 | K65: =+K63*0.6 -> 0 | ... O65: =+O63*0.6 -> 0
D67: =D35/D27 -> 0.012984935 | E67: =E35/E27 -> 0.012739438 | F67: =F35/F27 -> 0.0077759447 | G67: =G35/G27 -> 0.014658148 | H67: =H35/H27 -> 0.015208888 | I67: =I35/I27 -> 0.012414045 | J67: =J35/J27 -> 0.0066494395 | K67: =K35/K27 -> 0.012585501 | ... O67: =O35/O27 -> 0.01221432
I69: =2000*10*3.3/12 -> 5500
B73: Auxiliares | C73: Medicion | D73: =+D26 -> Enero | E73: =+E26 -> Febrero | F73: =+F26 -> Marzo | G73: =+G26 -> Abril | H73: =+H26 -> Mayo | I73: =+I26 -> Junio | J73: =+J26 -> Julio | K73: =+K26 -> Agosto | ... P73: =+P26 -> Acumulado
B74: Charcani I | C74: Aux (1) | K74: 8814.7263
B75: Charcani II | C75: Aux (2) | K75: 1527.9247
B76: Charcani III | C76: Aux | K76: 1305.4369
C77: Toma III | K77: 4572.8953
C78: Toma P3,P4,P5,P6 | K78: 1555.9969
C79: Total (3) | K79: =+K76+K77-K78 -> 4322.3353
B80: Charcani IV | C80: Aux (4) | K80: 6657.2092
B81: Charcani V | C81: Aux G1 | K81: 52409.603
C82: Aux G2 | K82: 224943.28
C83: Antena | K83: 7661.9121
C84: P1 | K84: 2310.6453
C85: Total (5) | K85: =+K81+K82-K83-K84 -> 267380.33
B86: Charcani VI | C86: Aux (6) | K86: 15086.135
B87: Total Hidraulica | C87: Total Hidraulica | K87: =+K74+K75+K79+K80+K85+K86 -> 303788.66 | L87: =+#REF!-#REF! -> #REF! | M87: =+#REF!-#REF! -> #REF! | N87: =+#REF!-#REF! -> #REF! | O87: =+#REF!-#REF! -> #REF! | P87: =+#REF!-#REF! -> #REF!
B89: Chilina | C89: TG | K89: 1032.493
C90: C. Edificio | K90: 43862.024
C91: Sulzer | K91: 421682.45
B92: Mollendo | C92: Mirrles | K92: 122453.66
B93: Pisco | C93: Pisco Aux1 | K93: 62101.577
C94: Pisco Aux2 | K94: 61463.832
C95: Alimentador de Calentadores | K95: 74372.498
B96: Total Termica | C96: Total Termica | K96: =+SUM(K89:K95) -> 786968.54 | L96: =+SUM(L89:L95) -> 0 | M96: =+SUM(M89:M95) -> 0 | N96: =+SUM(N89:N95) -> 0 | O96: =+SUM(O89:O95) -> 0 | P96: =+SUM(P89:P95) -> 0
I98: =+I96/1000 -> 0
I100: =+I34 -> 192.73945
I107: 33164.132
I108: 33210.251 | J108: =+I107-I108 -> -46.118741

Sheet 2018-R1
C3: PRODUCCIÓN MENSUAL DE ENERGÍA ELÉCTRICA EN EGASA
C4: AÑO 2017 (MWh)
C6: CENTRALES | D6: Enero | E6: Febrero | F6: Marzo | G6: Abril | H6: Mayo | I6: Junio | J6: Julio | K6: Agosto | L6: Septiembre | M6: Octubre | N6: Noviembre | O6: Diciembre | P6: Acumulado
C7: Hidráulica
C8: Charcani I | D8: 1131.6971 | P8: =+SUM(D8:O8) -> 1131.6971
C9: Charcani II | D9: 404.73452 | P9: =+SUM(D9:O9) -> 404.73452
C10: Charcani III | D10: 3164.3521 | P10: =+SUM(D10:O10) -> 3164.3521
C11: Charcani IV | D11: 7358.1597 | P11: =+SUM(D11:O11) -> 7358.1597
C12: Charcani V | D12: 44993.963 | P12: =+SUM(D12:O12) -> 44993.963
C13: Charcani VI | D13: 4089.3769 | P13: =+SUM(D13:O13) -> 4089.3769
C14: Total Hidraúlica | D14: =SUM(D8:D13) -> 61142.283 | E14: =SUM(E8:E13) -> 0 | F14: =SUM(F8:F13) -> 0 | G14: =SUM(G8:G13) -> 0 | H14: =SUM(H8:H13) -> 0 | I14: =SUM(I8:I13) -> 0 | J14: =SUM(J8:J13) -> 0 | K14: =SUM(K8:K13) -> 0 | ... O14: =SUM(O8:O13) -> 0 | P14: =+SUM(D14:O14) -> 61142.283
C15: Térmica
C16: T.Vapor | D16: 0 | P16: =+SUM(D16:O16) -> 0
C17: T.G.-Ciclo Combinado | D17: 11.521423 | P17: =+SUM(D17:O17) -> 11.521423
C18: Sulzers | D18: 701.38252 | P18: =+SUM(D18:O18) -> 701.38252
C19: C.T. Mollendo | D19: 1338.8287 | P19: =+SUM(D19:O19) -> 1338.8287
C20: C.T. Pisco | D20: 35832.495 | P20: =+SUM(D20:O20) -> 35832.495
C21: Total Térmica | D21: =SUM(D16:D20) -> 37884.227 | E21: =SUM(E16:E20) -> 0 | F21: =SUM(F16:F20) -> 0 | G21: =SUM(G16:G20) -> 0 | H21: =SUM(H16:H20) -> 0 | I21: =SUM(I16:I20) -> 0 | J21: =SUM(J16:J20) -> 0 | K21: =SUM(K16:K20) -> 0 | ... O21: =SUM(O16:O20) -> 0 | P21: =+SUM(D21:O21) -> 37884.227
C22: TOTAL EGASA | D22: =+D14+D21 -> 99026.51 | E22: =+E14+E21 -> 0 | F22: =+F14+F21 -> 0 | G22: =+G14+G21 -> 0 | H22: =+H14+H21 -> 0 | I22: =+I14+I21 -> 0 | J22: =+J14+J21 -> 0 | K22: =+K14+K21 -> 0 | ... O22: =+O14+O21 -> 0 | P22: =+SUM(D22:O22) -> 99026.51
Q23: 1000
C24: BALANCE DE ENERGÍA EN MWh - AÑO 2018
C26: DESCRIPCIÓN | D26: Enero | E26: Febrero | F26: Marzo | G26: Abril | H26: Mayo | I26: Junio | J26: Julio | K26: Agosto | L26: Septiembre | M26: Octubre | N26: Noviembre | O26: Diciembre | P26: Acumulado
C27: Energía producida | D27: =+D28+D29 -> 116590.34 | E27: =+E28+E29 -> 102739.3 | F27: =+F28+F29 -> 115111.37 | G27: =+G28+G29 -> 86446.789 | H27: =+H28+H29 -> 73820.186 | I27: =+I28+I29 -> 70980.624 | J27: =+J28+J29 -> 75723.573 | K27: =+K28+K29 -> 75196.366 | ... O27: =+O28+O29 -> 91081.007 | P27: =SUM(D27:O27) -> 1041584
C28: Hidroeléctrica | D28: 89076.605 | E28: 91831.452 | F28: 108580.26 | G28: 82397.809 | H28: 67084.678 | I28: 67034.988 | J28: 74143.988 | K28: 73728.608 | L28: 70018.542 | M28: 78763.008 | N28: =74636334.9403163/1000 -> 74636.335 | O28: 78264.531 | P28: =SUM(D28:O28) -> 955560.81
C29: Termoeléctrica | D29: 27513.735 | E29: 10907.846 | F29: 6531.1074 | G29: 4048.9795 | H29: 6735.5071 | I29: 3945.6362 | J29: 1579.5853 | K29: 1467.7571 | L29: 793.22606 | M29: 1359.4774 | N29: =8323907.8109382/1000 -> 8323.9078 | O29: 12816.476 | P29: =SUM(D29:O29) -> 86023.241
C30: Compra de energía | D30: =+D31 -> 0 | E30: =+E31 -> 0 | F30: =+F31 -> 0 | G30: =+G31 -> 0 | H30: =+H31 -> 0 | I30: =+I31 -> 0 | J30: =+J31 -> 4111.8636 | K30: =+K31 -> 1905.4541 | ... O30: =+O31 -> 0 | P30: =SUM(D30:O30) -> 7679.3483
C31: COES | D31: 0 | E31: 0 | F31: 0 | G31: 0 | H31: 0 | I31: 0 | J31: 4111.8636 | K31: 1905.4541 | L31: 0 | M31: 1662.0306 | N31: 0 | P31: =SUM(D31:O31) -> 7679.3483
C32: Consumo propio de centrales | D32: =+D33+D34 -> 425.41875 | E32: =+E33+E34 -> 392.10484 | F32: =+F33+F34 -> 367.90234 | G32: =+G33+G34 -> 330.86296 | H32: =+H33+H34 -> 332.21455 | I32: =+I33+I34 -> 497.07396 | J32: =+J33+J34 -> 461.66019 | K32: =+K33+K34 -> 319.34972 | ... O32: =+O33+O34 -> 321.19504 | P32: =SUM(D32:O32) -> 4391.4736
C33: Hidroeléctrica | D33: 319.19512 | E33: 304.26569 | F33: 343.00388 | G33: 314.31736 | H33: 304.53582 | I33: 304.33451 | J33: 310.33159 | K33: 302.5947 | L33: 299.11276 | M33: 307.57254 | N33: 295.35651 | O33: =289.454726041317-5.79740113270283 -> 283.65732 | P33: =SUM(D33:O33) -> 3688.2778
C34: Termoeléctrica | D34: 106.22363 | E34: 87.839149 | F34: 24.898467 | G34: 16.545597 | H34: 27.67873 | I34: 192.73945 | J34: 151.3286 | K34: 16.755024 | L34: 3.2110245 | M34: 3.8782018 | N34: 34.560249 | O34: 37.537713 | P34: =SUM(D34:O34) -> 703.19584
C35: Pérdidas Sistemas Transmisión | D35: =+D36+D37 -> 1513.918 | E35: =+E36+E37 -> 1308.8409 | F35: =+F36+F37 -> 895.09963 | G35: =+G36+G37 -> 1267.1498 | H35: =+H36+H37 -> 1122.7229 | I35: =+I36+I37 -> 881.15667 | J35: =+J36+J37 -> 503.51932 | K35: =+K36+K37 -> 946.38392 | ... O35: =+O36+O37 -> 1105.1254 | P35: =SUM(D35:O35) -> 14980.254
C36: En muy alta tensión | D36: 605.56719 | E36: 523.53636 | F36: 358.03985 | G36: 506.85992 | H36: 449.08916 | I36: 352.46267 | J36: 201.40773 | K36: 378.55357 | L36: 360.48576 | M36: 836.87701 | N36: 977.17205 | O36: 442.05015 | P36: =SUM(D36:O36) -> 5992.1014
C37: En alta tensión | D37: 908.35079 | E37: 785.30453 | F37: 537.05978 | G37: 760.28988 | H37: 673.63374 | I37: 528.694 | J37: 302.11159 | K37: 567.83035 | L37: 540.72865 | M37: 1255.3155 | N37: 1465.7581 | O37: 663.07522 | P37: =SUM(D37:O37) -> 8988.1521
C38: Energía total disponible | D38: =+D27+D30-D32-D35 -> 114651 | E38: =+E27+E30-E32-E35 -> 101038.35 | F38: =+F27+F30-F32-F35 -> 113848.37 | G38: =+G27+G30-G32-G35 -> 84848.776 | H38: =+H27+H30-H32-H35 -> 72365.248 | I38: =+I27+I30-I32-I35 -> 69602.393 | J38: =+J27+J30-J32-J35 -> 78870.257 | K38: =+K27+K30-K32-K35 -> 75836.086 | ... O38: =+O27+O30-O32-O35 -> 89654.687 | P38: =SUM(D38:O38) -> 1029891.7
C39: Venta de energía | D39: =+D40+D43+D54 -> 114651 | E39: =+E40+E43+E54 -> 101038.35 | F39: =+F40+F43+F54 -> 113848.37 | G39: =+G40+G43+G54 -> 84848.776 | H39: =+H40+H43+H54 -> 72365.248 | I39: =+I40+I43+I54 -> 69602.393 | J39: =+J40+J43+J54 -> 78870.257 | K39: =+K40+K43+K54 -> 75836.086 | ... O39: =+O40+O43+O54 -> 89654.687 | P39: =SUM(D39:O39) -> 1029891.7
C40: A Emp. Generadoras | D40: =+D41+D42 -> 56927.84 | E40: =+E41+E42 -> 46159.398 | F40: =+F41+F42 -> 55089.721 | G40: =+G41+G42 -> 26944.745 | H40: =+H41+H42 -> 14637.573 | I40: =+I41+I42 -> 14444.374 | J40: =+J41+J42 -> 22422.158 | K40: =+K41+K42 -> 19364.859 | ... O40: =+O41+O42 -> 32152.651 | P40: =SUM(D40:O40) -> 350450.71
C41: COES | D41: 56927.84 | E41: 46159.398 | F41: 55089.721 | G41: 26944.745 | H41: 14637.573 | I41: 14444.374 | J41: 22422.158 | K41: 19364.859 | L41: 14685.295 | M41: 23227.62 | N41: 24394.476 | O41: 32152.651 | P41: =SUM(D41:O41) -> 350450.71
C42: Electroperú (SWAP) | D42: 0 | E42: 0 | F42: 0 | G42: 0 | H42: 0 | I42: 0 | J42: 0 | K42: 0 | L42: 0 | M42: 0 | N42: 0 | P42: =SUM(D42:O42) -> 0
C43: A emp. Distribuidoras: | D43: =SUM(D44:D52) -> 54830.9 | E43: =SUM(E44:E52) -> 52239.07 | F43: =SUM(F44:F52) -> 55735.654 | G43: =SUM(G44:G53) -> 55075.946 | H43: =SUM(H44:H53) -> 54587.342 | I43: =SUM(I44:I53) -> 52199.137 | J43: =SUM(J44:J53) -> 53331.173 | K43: =SUM(K44:K53) -> 53704.336 | L43: =SUM(L44:L53) -> 52262.628 | M43: =SUM(M44:M53) -> 53513.975 | N43: =SUM(N44:N53) -> 53176.671 | ... P43: =SUM(P44:P53) -> 645869.37
C44: Edelnor | D44: 12092.203 | E44: 11329.898 | F44: 12293.932 | G44: 11811.546 | H44: 11678.863 | I44: 11183.292 | J44: 11369.888 | K44: 11358.021 | L44: 10996.761 | M44: 11516.386 | N44: 11381.287 | O44: =11916500.48/1000 -> 11916.5 | P44: =SUM(D44:O44) -> 138928.58
C45: Luz del Sur | D45: 36140.874 | E45: 34176.203 | F45: 36875.445 | G45: 35040.426 | H45: 34619.318 | I45: 33164.132 | J45: 33427.862 | K45: 33415.18 | L45: 32089.387 | M45: 33410.705 | N45: 33071.724 | O45: 33197.633 | P45: =SUM(D45:O45) -> 408628.89
C46: Edecañete | D46: 588.39279 | E46: 536.36629 | F46: 606.09712 | G46: 564.01938 | H46: 549.73437 | I46: 508.47031 | J46: 529.164 | K46: 521.58837 | L46: 496.76963 | M46: 527.1421 | N46: 525.20128 | O46: 574.5721 | P46: =SUM(D46:O46) -> 6527.5177
C47: Electrosur | D47: 1290.4922 | E47: 1263.8534 | F47: 1311.5347 | G47: 1222.2812 | H47: 1220.3276 | I47: 1180.2344 | J47: 1186.4946 | K47: 1146.1252 | L47: 1130.6363 | M47: 1210.8368 | N47: 1212.6666 | O47: 1259.678 | P47: =SUM(D47:O47) -> 14635.161
C48: Electrosur Este | D48: 880.79773 | E48: 799.14484 | F48: 915.66388 | G48: 907.7494 | H48: 959.1532 | I48: 948.5087 | J48: 1021.4783 | K48: 1019.9543 | L48: =987282.6/1000 -> 987.2826 | M48: 1023.1989 | N48: =957910.55/1000 -> 957.91055 | O48: 989.06925 | P48: =SUM(D48:O48) -> 11409.912
C49: Electropuno | D49: 799.89579 | E49: 740.66444 | F49: 869.02832 | G49: 837.19208 | H49: 854.80139 | I49: 873.25084 | J49: 914.4512 | K49: 858.01193 | L49: 862.90316 | M49: 883.20701 | N49: 805.02893 | O49: 846.72786 | P49: =SUM(D49:O49) -> 10145.163
C50: Seal | D50: 1564.3521 | E50: 1396.7154 | F50: 1586.2701 | G50: 1520.1463 | H50: 1553.7064 | I50: 1521.6182 | J50: 1548.6524 | K50: 1563.92 | L50: 1549.1567 | M50: 1634.3837 | N50: 1605.8136 | O50: 1655.1005 | P50: =SUM(D50:O50) -> 18699.835
C51: Electro Oriente | D51: 1427.2919 | E51: 1954.659 | F51: 1226.7278 | G51: 1287.0481 | H51: 1337.0475 | I51: 1416.4152 | J51: 1784.3707 | K51: 1855.7593 | L51: =2058254.25/1000 -> 2058.2542 | M51: 729.87338 | N51: 846.25377 | O51: 1573.9465 | P51: =SUM(D51:O51) -> 17497.647
C52: Electro Dunas | D52: 46.6004 | E52: 41.566 | F52: 50.95471 | G52: 50.73815 | H52: 53.6353 | I52: 53.69029 | J52: 54.77909 | K52: 54.67257 | L52: 51.83735 | M52: 54.45489 | N52: 51.19209 | O52: 52.53909 | P52: =SUM(D52:O52) -> 616.65993
C53: Coelvisac | D53: 0 | E53: 0 | F53: 0 | G53: 1834.7989 | H53: 1760.7543 | I53: 1349.5246 | J53: 1494.0329 | K53: 1911.1037 | L53: 2039.6406 | M53: 2523.787 | N53: 2719.593 | O53: 3146.7747 | P53: =SUM(D53:O53) -> 18780.01
C54: A clientes Libres | D54: =+SUM(D55:D57) -> 2892.2636 | E54: =+SUM(E55:E57) -> 2639.8846 | F54: =+SUM(F55:F57) -> 3022.9914 | G54: =+SUM(G55:G57) -> 2828.0859 | H54: =+SUM(H55:H57) -> 3140.3333 | I54: =+SUM(I55:I57) -> 2958.8826 | J54: =+SUM(J55:J57) -> 3116.9254 | K54: =+SUM(K55:K57) -> 2766.8909 | ... P54: =+SUM(P55:P57) -> 33571.586
C55: MICHELL | D55: 1440.1263 | E55: 1435.9344 | F55: 1533.9428 | G55: 1524.7065 | H55: 1626.97 | I55: 1562.2956 | J55: 1456.0698 | K55: 1332.0992 | L55: 1259.2011 | M55: 1277.2473 | N55: 1286.873 | O55: 826.36955 | P55: =SUM(D55:O55) -> 16561.836
C56: TISUR | D56: 1184.7458 | E56: 988.86301 | F56: 1237.1513 | G56: 1076.628 | H56: 1287.1673 | I56: 1165.1049 | J56: 1440.9147 | K56: 1210.6632 | L56: 1181.0526 | M56: 1132.2702 | N56: 1121.6347 | O56: 1259.5258 | P56: =SUM(D56:O56) -> 14285.722
C57: NATURGEN | D57: 267.39151 | E57: 215.08714 | F57: 251.89729 | G57: 226.7514 | H57: 226.19597 | I57: 231.48205 | J57: 219.94089 | K57: 224.12847 | L57: 220.05295 | M57: 229.76103 | N57: =207741.12/1000 -> 207.74112 | O57: 203.59903 | P57: =SUM(D57:O57) -> 2724.0289
D58: =+D33/D28 -> 0.0035833777 | E58: =+E33/E28 -> 0.0033133059 | F58: =+F33/F28 -> 0.0031589892 | G58: =+G33/G28 -> 0.0038146325 | H58: =+H33/H28 -> 0.0045395734 | I58: =+I33/I28 -> 0.0045399353 | J58: =+J33/J28 -> 0.004185526 | K58: =+K33/K28 -> 0.0041041694 | ... O58: =+O33/O28 -> 0.0036243407
C60: Fuente: COES - EGASA
D61: =D39-D40 -> 57723.163 | E61: =E39-E40 -> 54878.955 | F61: =F39-F40 -> 58758.646 | G61: =G39-G40 -> 57904.032 | H61: =H39-H40 -> 57727.675 | I61: =I39-I40 -> 55158.019 | J61: =J39-J40 -> 56448.099 | K61: =K39-K40 -> 56471.227 | ... O61: =O39-O40 -> 57502.036
D63: =+D38-D39 -> 0 | E63: =+E38-E39 -> 0 | F63: =+F38-F39 -> 0 | G63: =+G38-G39 -> 0 | H63: =+H38-H39 -> 0 | I63: =+I38-I39 -> 0 | J63: =+J38-J39 -> -1.3998942e-08 | K63: =+K38-K39 -> 0 | ... O63: =+O38-O39 -> 0
D64: =+D63*0.4 -> 0 | E64: =+E63*0.4 -> 0 | F64: =+F63*0.4 -> 0 | G64: =+G63*0.4 -> 0 | H64: =+H63*0.4 -> 0 | I64: =+I63*0.4 -> 0 | J64: =+J63*0.4 -> -5.599577e-09 | K64: =+K63*0.4 -> 0 | ... O64: =+O63*0.4 -> 0
D65: =+D63*0.6 -> 0 | E65: =+E63*0.6 -> 0 | F65: =+F63*0.6 -> 0 | G65: =+G63*0.6 -> 0 | H65: =+H63*0.6 -> 0 | I65: =+I63*0.6 -> 0 | J65: =+J63*0.6 -> -8.3993655e-09 | K65: =+K63*0.6 -> 0 | ... O65: =+O63*0.6 -> 0
D67: =D35/D27 -> 0.012984935 | E67: =E35/E27 -> 0.012739438 | F67: =F35/F27 -> 0.0077759447 | G67: =G35/G27 -> 0.014658148 | H67: =H35/H27 -> 0.015208888 | I67: =I35/I27 -> 0.012414045 | J67: =J35/J27 -> 0.0066494395 | K67: =K35/K27 -> 0.012585501 | ... O67: =O35/O27 -> 0.012133434
I69: =2000*10*3.3/12 -> 5500
B73: Auxiliares | C73: Medicion | D73: =+D26 -> Enero | E73: =+E26 -> Febrero | F73: =+F26 -> Marzo | G73: =+G26 -> Abril | H73: =+H26 -> Mayo | I73: =+I26 -> Junio | J73: =+J26 -> Julio | K73: =+K26 -> Agosto | ... P73: =+P26 -> Acumulado
B74: Charcani I | C74: Aux (1) | K74: 8814.7263
B75: Charcani II | C75: Aux (2) | K75: 1527.9247
B76: Charcani III | C76: Aux | K76: 1305.4369
C77: Toma III | K77: 4572.8953
C78: Toma P3,P4,P5,P6 | K78: 1555.9969
C79: Total (3) | K79: =+K76+K77-K78 -> 4322.3353
B80: Charcani IV | C80: Aux (4) | K80: 6657.2092
B81: Charcani V | C81: Aux G1 | K81: 52409.603
C82: Aux G2 | K82: 224943.28
C83: Antena | K83: 7661.9121
C84: P1 | K84: 2310.6453
C85: Total (5) | K85: =+K81+K82-K83-K84 -> 267380.33
B86: Charcani VI | C86: Aux (6) | K86: 15086.135
B87: Total Hidraulica | C87: Total Hidraulica | K87: =+K74+K75+K79+K80+K85+K86 -> 303788.66 | L87: =+#REF!-#REF! -> #REF! | M87: =+#REF!-#REF! -> #REF! | N87: =+#REF!-#REF! -> #REF! | O87: =+#REF!-#REF! -> #REF! | P87: =+#REF!-#REF! -> #REF!
B89: Chilina | C89: TG | K89: 1032.493
C90: C. Edificio | K90: 43862.024
C91: Sulzer | K91: 421682.45
B92: Mollendo | C92: Mirrles | K92: 122453.66
B93: Pisco | C93: Pisco Aux1 | K93: 62101.577
C94: Pisco Aux2 | K94: 61463.832
C95: Alimentador de Calentadores | K95: 74372.498
B96: Total Termica | C96: Total Termica | K96: =+SUM(K89:K95) -> 786968.54 | L96: =+SUM(L89:L95) -> 0 | M96: =+SUM(M89:M95) -> 0 | N96: =+SUM(N89:N95) -> 0 | O96: =+SUM(O89:O95) -> 0 | P96: =+SUM(P89:P95) -> 0
I98: =+I96/1000 -> 0
I100: =+I34 -> 192.73945
I107: 33164.132
I108: 33210.251 | J108: =+I107-I108 -> -46.118741

Sheet 2018-R2 (LDS)
C3: PRODUCCIÓN MENSUAL DE ENERGÍA ELÉCTRICA EN EGASA
C4: AÑO 2017 (MWh)
C6: CENTRALES | D6: Enero | E6: Febrero | F6: Marzo | G6: Abril | H6: Mayo | I6: Junio | J6: Julio | K6: Agosto | L6: Septiembre | M6: Octubre | N6: Noviembre | O6: Diciembre | P6: Acumulado
C7: Hidráulica
C8: Charcani I | D8: 1228.0921 | E8: 986.42803 | F8: 862.98338 | G8: 1197.3586 | H8: 1211.6252 | I8: 1206.6493 | J8: 1229.4428 | K8: 1234.0962 | L8: 1175.2787 | M8: 1209.888 | N8: 1203.1332 | O8: 1249.6844 | P8: =+SUM(D8:O8) -> 13994.66
C9: Charcani II | D9: 423.47076 | E9: 375.80717 | F9: 411.71554 | G9: 408.407 | H9: 419.742 | I9: 407.55314 | J9: 423.79279 | K9: 423.09478 | L9: 409.3038 | M9: 422.77178 | N9: 413.90879 | O9: 425.00294 | P9: =+SUM(D9:O9) -> 4964.5705
C10: Charcani III | D10: 3351.5669 | E10: 3035.1489 | F10: 3220.6894 | G10: 3267.6024 | H10: 3313.0238 | I10: 3252.841 | J10: 3336.8612 | K10: 3382.635 | L10: 3230.757 | M10: 3380.8876 | N10: 3240.9816 | O10: 3392.6956 | P10: =+SUM(D10:O10) -> 39405.691
C11: Charcani IV | D11: 9586.631 | E11: 9974.9586 | F11: 10712.93 | G11: 9620.4484 | H11: 7866.4879 | I11: 7221.2623 | J11: 8903.4353 | K11: 8834.4486 | L11: 8333.4381 | M11: 9461.5794 | N11: 9062.1557 | O11: 9489.362 | P11: =+SUM(D11:O11) -> 109067.14
C12: Charcani V | D12: 68721.664 | E12: 71753.264 | F12: 87204.526 | G12: 62141.1 | H12: 49391.121 | I12: 49949.568 | J12: 54752.707 | K12: 54393.779 | L12: 51698.256 | M12: 58453.85 | N12: 55793.44 | O12: 57876.761 | P12: =+SUM(D12:O12) -> 722130.04
C13: Charcani VI | D13: 5765.1802 | E13: 5705.8454 | F13: 6167.417 | G13: 5762.8928 | H13: 4882.6782 | I13: 4997.1142 | J13: 5497.7487 | K13: 5460.555 | L13: 5171.5088 | M13: 5834.0313 | N13: 4922.7155 | O13: 5831.0249 | P13: =+SUM(D13:O13) -> 65998.712
C14: Total Hidraúlica | D14: =SUM(D8:D13) -> 89076.605 | E14: =SUM(E8:E13) -> 91831.452 | F14: =SUM(F8:F13) -> 108580.26 | G14: =SUM(G8:G13) -> 82397.809 | H14: =SUM(H8:H13) -> 67084.678 | I14: =SUM(I8:I13) -> 67034.988 | J14: =SUM(J8:J13) -> 74143.988 | K14: =SUM(K8:K13) -> 73728.608 | ... O14: =SUM(O8:O13) -> 78264.531 | P14: =+SUM(D14:O14) -> 955560.81
C15: Térmica
C16: T.Vapor | D16: 0 | E16: 0 | F16: 0 | G16: 0 | H16: 0 | I16: 0 | J16: 0 | K16: 0 | L16: 0 | M16: 0 | N16: 0 | O16: 0 | P16: =+SUM(D16:O16) -> 0
C17: T.G.-Ciclo Combinado | D17: 28.319092 | E17: 0 | F17: 0 | G17: 0 | H17: 0 | I17: 0 | J17: 1.4692601 | K17: 0 | L17: 1.5684984 | M17: 27.835423 | N17: 1.2736733 | O17: 0 | P17: =+SUM(D17:O17) -> 60.465947
C18: Sulzers | D18: 4.6483677 | E18: 551.9029 | F18: 0 | G18: 0 | H18: 0 | I18: 0 | J18: 101.94739 | K18: 92.250461 | L18: 13.090176 | M18: 0.54703954 | N18: 0 | O18: 14.290916 | P18: =+SUM(D18:O18) -> 778.67725
C19: C.T. Mollendo | D19: 22.713676 | E19: 187.82881 | F19: 0.16011644 | G19: 20.534106 | H19: 20.170126 | I19: 0 | J19: 157.20749 | K19: 120.91541 | L19: 0 | M19: 0 | N19: 20.838456 | O19: 1.0982753 | P19: =+SUM(D19:O19) -> 551.46646
C20: C.T. Pisco | D20: 27458.054 | E20: 10168.115 | F20: 6530.9473 | G20: 4028.4454 | H20: 6715.337 | I20: 3945.6362 | J20: 1318.9612 | K20: 1254.5912 | L20: 778.56739 | M20: 1331.095 | N20: 8301.7957 | O20: 12801.087 | P20: =+SUM(D20:O20) -> 84632.631
C21: Total Térmica | D21: =SUM(D16:D20) -> 27513.735 | E21: =SUM(E16:E20) -> 10907.846 | F21: =SUM(F16:F20) -> 6531.1074 | G21: =SUM(G16:G20) -> 4048.9795 | H21: =SUM(H16:H20) -> 6735.5071 | I21: =SUM(I16:I20) -> 3945.6362 | J21: =SUM(J16:J20) -> 1579.5853 | K21: =SUM(K16:K20) -> 1467.7571 | ... O21: =SUM(O16:O20) -> 12816.476 | P21: =+SUM(D21:O21) -> 86023.241
C22: TOTAL EGASA | D22: =+D14+D21 -> 116590.34 | E22: =+E14+E21 -> 102739.3 | F22: =+F14+F21 -> 115111.37 | G22: =+G14+G21 -> 86446.789 | H22: =+H14+H21 -> 73820.186 | I22: =+I14+I21 -> 70980.624 | J22: =+J14+J21 -> 75723.573 | K22: =+K14+K21 -> 75196.366 | ... O22: =+O14+O21 -> 91081.007 | P22: =+SUM(D22:O22) -> 1041584
Q23: 1000
C24: BALANCE DE ENERGÍA EN MWh - AÑO 2018
C26: DESCRIPCIÓN | D26: Enero | E26: Febrero | F26: Marzo | G26: Abril | H26: Mayo | I26: Junio | J26: Julio | K26: Agosto | L26: Septiembre | M26: Octubre | N26: Noviembre | O26: Diciembre | P26: Acumulado
C27: Energía producida | D27: =+D28+D29 -> 116590.34 | E27: =+E28+E29 -> 102739.3 | F27: =+F28+F29 -> 115111.37 | G27: =+G28+G29 -> 86446.789 | H27: =+H28+H29 -> 73820.186 | I27: =+I28+I29 -> 70980.624 | J27: =+J28+J29 -> 75723.573 | K27: =+K28+K29 -> 75196.366 | ... O27: =+O28+O29 -> 91081.007 | P27: =SUM(D27:O27) -> 1041584
C28: Hidroeléctrica | D28: 89076.605 | E28: 91831.452 | F28: 108580.26 | G28: 82397.809 | H28: 67084.678 | I28: 67034.988 | J28: 74143.988 | K28: 73728.608 | L28: 70018.542 | M28: 78763.008 | N28: =74636334.9403163/1000 -> 74636.335 | O28: 78264.531 | P28: =SUM(D28:O28) -> 955560.81
C29: Termoeléctrica | D29: 27513.735 | E29: 10907.846 | F29: 6531.1074 | G29: 4048.9795 | H29: 6735.5071 | I29: 3945.6362 | J29: 1579.5853 | K29: 1467.7571 | L29: 793.22606 | M29: 1359.4774 | N29: =8323907.8109382/1000 -> 8323.9078 | O29: 12816.476 | P29: =SUM(D29:O29) -> 86023.241
C30: Compra de energía | D30: =+D31 -> 0 | E30: =+E31 -> 0 | F30: =+F31 -> 0 | G30: =+G31 -> 0 | H30: =+H31 -> 0 | I30: =+I31 -> 0 | J30: =+J31 -> 4111.8636 | K30: =+K31 -> 1905.4541 | ... O30: =+O31 -> 0 | P30: =SUM(D30:O30) -> 7679.3483
C31: COES | D31: 0 | E31: 0 | F31: 0 | G31: 0 | H31: 0 | I31: 0 | J31: 4111.8636 | K31: 1905.4541 | L31: 0 | M31: 1662.0306 | N31: 0 | P31: =SUM(D31:O31) -> 7679.3483
C32: Consumo propio de centrales | D32: =+D33+D34 -> 425.41875 | E32: =+E33+E34 -> 392.10484 | F32: =+F33+F34 -> 367.90234 | G32: =+G33+G34 -> 330.86296 | H32: =+H33+H34 -> 332.21455 | I32: =+I33+I34 -> 497.07396 | J32: =+J33+J34 -> 461.66019 | K32: =+K33+K34 -> 319.34972 | ... O32: =+O33+O34 -> 321.19504 | P32: =SUM(D32:O32) -> 4391.4736
C33: Hidroeléctrica | D33: 319.19512 | E33: 304.26569 | F33: 343.00388 | G33: 314.31736 | H33: 304.53582 | I33: 304.33451 | J33: 310.33159 | K33: 302.5947 | L33: 299.11276 | M33: 307.57254 | N33: 295.35651 | O33: =289.454726041317-5.79740113270283 -> 283.65732 | P33: =SUM(D33:O33) -> 3688.2778
C34: Termoeléctrica | D34: 106.22363 | E34: 87.839149 | F34: 24.898467 | G34: 16.545597 | H34: 27.67873 | I34: 192.73945 | J34: 151.3286 | K34: 16.755024 | L34: 3.2110245 | M34: 3.8782018 | N34: 34.560249 | O34: 37.537713 | P34: =SUM(D34:O34) -> 703.19584
C35: Pérdidas Sistemas Transmisión | D35: =+D36+D37 -> 1506.0752 | E35: =+E36+E37 -> 1316.062 | F35: =+F36+F37 -> 1501.3848 | G35: =+G36+G37 -> 1229.4982 | H35: =+H36+H37 -> 1113.3409 | I35: =+I36+I37 -> 876.02619 | J35: =+J36+J37 -> 916.31487 | K35: =+K36+K37 -> 1006.1535 | ... O35: =+O36+O37 -> 1217.0338 | P35: =SUM(D35:O35) -> 13755.796
C36: En muy alta tensión | D36: 602.43008 | E36: 526.42482 | F36: 600.5539 | G36: 491.7993 | H36: 445.33636 | I36: 350.41048 | J36: 366.52595 | K36: 402.4614 | L36: 375.90287 | M36: 421.63381 | N36: 432.02588 | O36: 486.81351 | P36: =SUM(D36:O36) -> 5502.3184
C37: En alta tensión | D37: 903.64512 | E37: 789.63723 | F37: 900.83086 | G37: 737.69895 | H37: 668.00454 | I37: 525.61571 | J37: 549.78892 | K37: 603.6921 | L37: 563.85431 | M37: 632.45072 | N37: 648.03882 | O37: 730.22026 | P37: =SUM(D37:O37) -> 8253.4775
C38: Energía total disponible | D38: =+D27+D30-D32-D35 -> 114658.85 | E38: =+E27+E30-E32-E35 -> 101031.13 | F38: =+F27+F30-F32-F35 -> 113242.08 | G38: =+G27+G30-G32-G35 -> 84886.428 | H38: =+H27+H30-H32-H35 -> 72374.63 | I38: =+I27+I30-I32-I35 -> 69607.524 | J38: =+J27+J30-J32-J35 -> 78457.462 | K38: =+K27+K30-K32-K35 -> 75776.316 | ... O38: =+O27+O30-O32-O35 -> 89542.778 | P38: =SUM(D38:O38) -> 1031116.1
C39: Venta de energía | D39: =+D40+D43+D54 -> 114658.85 | E39: =+E40+E43+E54 -> 101031.13 | F39: =+F40+F43+F54 -> 113242.08 | G39: =+G40+G43+G54 -> 84886.428 | H39: =+H40+H43+H54 -> 72374.63 | I39: =+I40+I43+I54 -> 69607.524 | J39: =+J40+J43+J54 -> 78457.462 | K39: =+K40+K43+K54 -> 75776.316 | ... O39: =+O40+O43+O54 -> 89542.778 | P39: =SUM(D39:O39) -> 1031116.1
C40: A Emp. Generadoras | D40: =+D41+D42 -> 58300.336 | E40: =+E41+E42 -> 47443.382 | F40: =+F41+F42 -> 55875.835 | G40: =+G41+G42 -> 28305.501 | H40: =+H41+H42 -> 15953.719 | I40: =+I41+I42 -> 15701.533 | J40: =+J41+J42 -> 23271.497 | K40: =+K41+K42 -> 20566.978 | ... O40: =+O41+O42 -> 32040.743 | P40: =SUM(D40:O40) -> 365849.46
C41: COES | D41: 58300.336 | E41: 47443.382 | F41: 55875.835 | G41: 28305.501 | H41: 15953.719 | I41: 15701.533 | J41: 23271.497 | K41: 20566.978 | L41: 15858.082 | M41: 25526.263 | N41: 27005.591 | O41: 32040.743 | P41: =SUM(D41:O41) -> 365849.46
C42: Electroperú (SWAP) | D42: 0 | E42: 0 | F42: 0 | G42: 0 | H42: 0 | I42: 0 | J42: 0 | P42: =SUM(D42:O42) -> 0
C43: A emp. Distribuidoras: | D43: =SUM(D44:D52) -> 53466.247 | E43: =SUM(E44:E52) -> 50947.865 | F43: =SUM(F44:F52) -> 54343.255 | G43: =SUM(G44:G53) -> 53752.841 | H43: =SUM(H44:H53) -> 53280.578 | I43: =SUM(I44:I53) -> 50947.108 | J43: =SUM(J44:J53) -> 52069.039 | K43: =SUM(K44:K53) -> 52442.448 | L43: =SUM(L44:L53) -> 51051.299 | M43: =SUM(M44:M53) -> 52253.439 | N43: =SUM(N44:N53) -> 51928.421 | ... P43: =SUM(P44:P53) -> 631695.08
C44: Edelnor | D44: 12092.203 | E44: 11329.898 | F44: 12293.932 | G44: 11811.546 | H44: 11678.863 | I44: 11183.292 | J44: 11369.888 | K44: 11358.021 | L44: 10996.761 | M44: 11516.386 | N44: 11381.287 | O44: 11916.5 | P44: =SUM(D44:O44) -> 138928.58
C45: Luz del Sur | D45: 34776.22 | E45: 32884.997 | F45: 35483.046 | G45: 33717.321 | H45: 33312.554 | I45: 31912.104 | J45: 32165.728 | K45: 32153.291 | L45: 30878.057 | M45: 32150.169 | N45: 31823.474 | O45: 33197.633 | P45: =SUM(D45:O45) -> 394454.6
C46: Edecañete | D46: 588.39279 | E46: 536.36629 | F46: 606.09712 | G46: 564.01938 | H46: 549.73437 | I46: 508.47031 | J46: 529.164 | K46: 521.58837 | L46: 496.76963 | M46: 527.1421 | N46: 525.20128 | O46: 574.5721 | P46: =SUM(D46:O46) -> 6527.5177
C47: Electrosur | D47: 1290.4922 | E47: 1263.8534 | F47: 1311.5347 | G47: 1222.2812 | H47: 1220.3276 | I47: 1180.2344 | J47: 1186.4946 | K47: 1146.1252 | L47: 1130.6363 | M47: 1210.8368 | N47: 1212.6666 | O47: 1259.678 | P47: =SUM(D47:O47) -> 14635.161
C48: Electrosur Este | D48: 880.79773 | E48: 799.14484 | F48: 915.66388 | G48: 907.7494 | H48: 959.1532 | I48: 948.5087 | J48: 1021.4783 | K48: 1019.9543 | L48: =987282.6/1000 -> 987.2826 | M48: 1023.1989 | N48: =957910.55/1000 -> 957.91055 | O48: 989.06925 | P48: =SUM(D48:O48) -> 11409.912
C49: Electropuno | D49: 799.89579 | E49: 740.66444 | F49: 869.02832 | G49: 837.19208 | H49: 854.80139 | I49: 873.25084 | J49: 914.4512 | K49: 858.01193 | L49: 862.90316 | M49: 883.20701 | N49: 805.02893 | O49: 846.72786 | P49: =SUM(D49:O49) -> 10145.163
C50: Seal | D50: 1564.3521 | E50: 1396.7154 | F50: 1586.2701 | G50: 1520.1463 | H50: 1553.7064 | I50: 1521.6182 | J50: 1548.6524 | K50: 1563.92 | L50: 1549.1567 | M50: 1634.3837 | N50: 1605.8136 | O50: 1655.1005 | P50: =SUM(D50:O50) -> 18699.835
C51: Electro Oriente | D51: 1427.2919 | E51: 1954.659 | F51: 1226.7278 | G51: 1287.0481 | H51: 1337.0475 | I51: 1416.4152 | J51: 1784.3707 | K51: 1855.7593 | L51: =2058254.25/1000 -> 2058.2542 | M51: 729.87338 | N51: 846.25377 | O51: 1573.9465 | P51: =SUM(D51:O51) -> 17497.647
C52: Electro Dunas | D52: 46.6004 | E52: 41.566 | F52: 50.95471 | G52: 50.73815 | H52: 53.6353 | I52: 53.69029 | J52: 54.77909 | K52: 54.67257 | L52: 51.83735 | M52: 54.45489 | N52: 51.19209 | O52: 52.53909 | P52: =SUM(D52:O52) -> 616.65993
C53: Coelvisac | D53: 0 | E53: 0 | F53: 0 | G53: 1834.7989 | H53: 1760.7543 | I53: 1349.5246 | J53: 1494.0329 | K53: 1911.1037 | L53: 2039.6406 | M53: 2523.787 | N53: 2719.593 | O53: 3146.7747 | P53: =SUM(D53:O53) -> 18780.01
C54: A clientes Libres | D54: =+SUM(D55:D57) -> 2892.2636 | E54: =+SUM(E55:E57) -> 2639.8846 | F54: =+SUM(F55:F57) -> 3022.9914 | G54: =+SUM(G55:G57) -> 2828.0859 | H54: =+SUM(H55:H57) -> 3140.3333 | I54: =+SUM(I55:I57) -> 2958.8826 | J54: =+SUM(J55:J57) -> 3116.9254 | K54: =+SUM(K55:K57) -> 2766.8909 | ... P54: =+SUM(P55:P57) -> 33571.586
C55: MICHELL | D55: 1440.1263 | E55: 1435.9344 | F55: 1533.9428 | G55: 1524.7065 | H55: 1626.97 | I55: 1562.2956 | J55: 1456.0698 | K55: 1332.0992 | L55: 1259.2011 | M55: 1277.2473 | N55: 1286.873 | O55: 826.36955 | P55: =SUM(D55:O55) -> 16561.836
C56: TISUR | D56: 1184.7458 | E56: 988.86301 | F56: 1237.1513 | G56: 1076.628 | H56: 1287.1673 | I56: 1165.1049 | J56: 1440.9147 | K56: 1210.6632 | L56: 1181.0526 | M56: 1132.2702 | N56: 1121.6347 | O56: 1259.5258 | P56: =SUM(D56:O56) -> 14285.722
C57: NATURGEN | D57: 267.39151 | E57: 215.08714 | F57: 251.89729 | G57: 226.7514 | H57: 226.19597 | I57: 231.48205 | J57: 219.94089 | K57: 224.12847 | L57: 220.05295 | M57: 229.76103 | N57: =207741.12/1000 -> 207.74112 | O57: 203.59903 | P57: =SUM(D57:O57) -> 2724.0289
D58: =+D33/D28 -> 0.0035833777 | E58: =+E33/E28 -> 0.0033133059 | F58: =+F33/F28 -> 0.0031589892 | G58: =+G33/G28 -> 0.0038146325 | H58: =+H33/H28 -> 0.0045395734 | I58: =+I33/I28 -> 0.0045399353 | J58: =+J33/J28 -> 0.004185526 | K58: =+K33/K28 -> 0.0041041694 | ... O58: =+O33/O28 -> 0.0036243407
C60: Fuente: COES - EGASA
C61: Venta de energia | D61: =+D43+D54 -> 56358.51 | E61: =+E43+E54 -> 53587.749 | F61: =+F43+F54 -> 57366.247 | G61: =+G43+G54 -> 56580.927 | H61: =+H43+H54 -> 56420.911 | I61: =+I43+I54 -> 53905.991 | J61: =+J43+J54 -> 55185.965 | K61: =+K43+K54 -> 55209.338 | ... P61: =+P43+P54 -> 665266.67
D63: =+D38-D39 -> 0 | E63: =+E38-E39 -> 0 | F63: =+F38-F39 -> 0 | G63: =+G38-G39 -> 0 | H63: =+H38-H39 -> 0 | I63: =+I38-I39 -> 0 | J63: =+J38-J39 -> 0 | K63: =+K38-K39 -> 0 | ... O63: =+O38-O39 -> 0
D64: =+D63*0.4 -> 0 | E64: =+E63*0.4 -> 0 | F64: =+F63*0.4 -> 0 | G64: =+G63*0.4 -> 0 | H64: =+H63*0.4 -> 0 | I64: =+I63*0.4 -> 0 | J64: =+J63*0.4 -> 0 | K64: =+K63*0.4 -> 0 | ... O64: =+O63*0.4 -> 0
D65: =+D63*0.6 -> 0 | E65: =+E63*0.6 -> 0 | F65: =+F63*0.6 -> 0 | G65: =+G63*0.6 -> 0 | H65: =+H63*0.6 -> 0 | I65: =+I63*0.6 -> 0 | J65: =+J63*0.6 -> 0 | K65: =+K63*0.6 -> 0 | ... O65: =+O63*0.6 -> 0
D67: =D35/D27 -> 0.012917667 | E67: =E35/E27 -> 0.012809724 | F67: =F35/F27 -> 0.013042889 | G67: =G35/G27 -> 0.014222602 | H67: =H35/H27 -> 0.015081795 | I67: =I35/I27 -> 0.012341765 | J67: =J35/J27 -> 0.012100788 | K67: =K35/K27 -> 0.013380348 | ... O67: =O35/O27 -> 0.013362103
I69: =2000*10*3.3/12 -> 5500
D70: =+D54+D43 -> 56358.51 | E70: =+E54+E43 -> 53587.749 | F70: =+F54+F43 -> 57366.247 | G70: =+G54+G43 -> 56580.927 | H70: =+H54+H43 -> 56420.911 | I70: =+I54+I43 -> 53905.991 | J70: =+J54+J43 -> 55185.965 | K70: =+K54+K43 -> 55209.338 | ... O70: =+O54+O43 -> 57502.036
B73: Auxiliares | C73: Medicion | D73: =+D26 -> Enero | E73: =+E26 -> Febrero | F73: =+F26 -> Marzo | G73: =+G26 -> Abril | H73: =+H26 -> Mayo | I73: =+I26 -> Junio | J73: =+J26 -> Julio | K73: =+K26 -> Agosto | ... P73: =+P26 -> Acumulado
B74: Charcani I | C74: Aux (1) | K74: 8814.7263
B75: Charcani II | C75: Aux (2) | K75: 1527.9247
B76: Charcani III | C76: Aux | K76: 1305.4369
C77: Toma III | K77: 4572.8953
C78: Toma P3,P4,P5,P6 | K78: 1555.9969
C79: Total (3) | K79: =+K76+K77-K78 -> 4322.3353
B80: Charcani IV | C80: Aux (4) | K80: 6657.2092
B81: Charcani V | C81: Aux G1 | K81: 52409.603
C82: Aux G2 | K82: 224943.28
C83: Antena | K83: 7661.9121
C84: P1 | K84: 2310.6453
C85: Total (5) | K85: =+K81+K82-K83-K84 -> 267380.33
B86: Charcani VI | C86: Aux (6) | K86: 15086.135
B87: Total Hidraulica | C87: Total Hidraulica | K87: =+K74+K75+K79+K80+K85+K86 -> 303788.66 | L87: =+#REF!-#REF! -> #REF! | M87: =+#REF!-#REF! -> #REF! | N87: =+#REF!-#REF! -> #REF! | O87: =+#REF!-#REF! -> #REF! | P87: =+#REF!-#REF! -> #REF!
B89: Chilina | C89: TG | K89: 1032.493
C90: C. Edificio | K90: 43862.024
C91: Sulzer | K91: 421682.45
B92: Mollendo | C92: Mirrles | K92: 122453.66
B93: Pisco | C93: Pisco Aux1 | K93: 62101.577
C94: Pisco Aux2 | K94: 61463.832
C95: Alimentador de Calentadores | K95: 74372.498
B96: Total Termica | C96: Total Termica | K96: =+SUM(K89:K95) -> 786968.54 | L96: =+SUM(L89:L95) -> 0 | M96: =+SUM(M89:M95) -> 0 | N96: =+SUM(N89:N95) -> 0 | O96: =+SUM(O89:O95) -> 0 | P96: =+SUM(P89:P95) -> 0
I98: =+I96/1000 -> 0
I100: =+I34 -> 192.73945
I107: 33164.132
I108: 33210.251 | J108: =+I107-I108 -> -46.118741

Sheet 2019
C3: PRODUCCIÓN MENSUAL DE ENERGÍA ELÉCTRICA EN EGASA
C4: AÑO 2017 (MWh)
C6: CENTRALES | D6: Enero | E6: Febrero | F6: Marzo | G6: Abril | H6: Mayo | I6: Junio | J6: Julio | K6: Agosto | L6: Septiembre | M6: Octubre | N6: Noviembre | O6: Diciembre | P6: Acumulado
C7: Hidráulica
C8: Charcani I | D8: 1131.6971 | P8: =+SUM(D8:O8) -> 1131.6971
C9: Charcani II | D9: 404.73452 | P9: =+SUM(D9:O9) -> 404.73452
C10: Charcani III | D10: 3164.3521 | P10: =+SUM(D10:O10) -> 3164.3521
C11: Charcani IV | D11: 7358.1597 | P11: =+SUM(D11:O11) -> 7358.1597
C12: Charcani V | D12: 44993.963 | P12: =+SUM(D12:O12) -> 44993.963
C13: Charcani VI | D13: 4089.3769 | P13: =+SUM(D13:O13) -> 4089.3769
C14: Total Hidraúlica | D14: =SUM(D8:D13) -> 61142.283 | E14: =SUM(E8:E13) -> 0 | F14: =SUM(F8:F13) -> 0 | G14: =SUM(G8:G13) -> 0 | H14: =SUM(H8:H13) -> 0 | I14: =SUM(I8:I13) -> 0 | J14: =SUM(J8:J13) -> 0 | K14: =SUM(K8:K13) -> 0 | ... O14: =SUM(O8:O13) -> 0 | P14: =+SUM(D14:O14) -> 61142.283
C15: Térmica
C16: T.Vapor | D16: 0 | P16: =+SUM(D16:O16) -> 0
C17: T.G.-Ciclo Combinado | D17: 11.521423 | P17: =+SUM(D17:O17) -> 11.521423
C18: Sulzers | D18: 701.38252 | P18: =+SUM(D18:O18) -> 701.38252
C19: C.T. Mollendo | D19: 1338.8287 | P19: =+SUM(D19:O19) -> 1338.8287
C20: C.T. Pisco | D20: 35832.495 | P20: =+SUM(D20:O20) -> 35832.495
C21: Total Térmica | D21: =SUM(D16:D20) -> 37884.227 | E21: =SUM(E16:E20) -> 0 | F21: =SUM(F16:F20) -> 0 | G21: =SUM(G16:G20) -> 0 | H21: =SUM(H16:H20) -> 0 | I21: =SUM(I16:I20) -> 0 | J21: =SUM(J16:J20) -> 0 | K21: =SUM(K16:K20) -> 0 | ... O21: =SUM(O16:O20) -> 0 | P21: =+SUM(D21:O21) -> 37884.227
C22: TOTAL EGASA | D22: =+D14+D21 -> 99026.51 | E22: =+E14+E21 -> 0 | F22: =+F14+F21 -> 0 | G22: =+G14+G21 -> 0 | H22: =+H14+H21 -> 0 | I22: =+I14+I21 -> 0 | J22: =+J14+J21 -> 0 | K22: =+K14+K21 -> 0 | ... O22: =+O14+O21 -> 0 | P22: =+SUM(D22:O22) -> 99026.51
Q23: 1000
C24: BALANCE DE ENERGÍA EN MWh - AÑO 2019
C26: DESCRIPCIÓN | D26: Enero | E26: Febrero | F26: Marzo | G26: Abril | H26: Mayo | I26: Junio | J26: Julio | K26: Agosto | L26: Septiembre | M26: Octubre | N26: Noviembre | O26: Diciembre | P26: Acumulado | Q26: 1000
C27: Energía producida | D27: =+D28+D29 -> 84554.598 | E27: =+E28+E29 -> 109587.91 | F27: =+F28+F29 -> 117590.71 | G27: =+G28+G29 -> 90100.445 | H27: =+H28+H29 -> 71163.375 | I27: =+I28+I29 -> 69812.027 | J27: =+J28+J29 -> 71220.667 | K27: =+K28+K29 -> 72924.135 | ... O27: =+O28+O29 -> 75142.669 | P27: =SUM(D27:O27) -> 992981.49
C28: Hidroeléctrica | D28: 74934.188 | E28: 97541.913 | F28: 108165.24 | G28: 90073.526 | H28: 71143.135 | I28: 69785.813 | J28: 71183.253 | K28: 72913.252 | L28: 70558.254 | M28: 78874.542 | N28: 81026.361 | O28: 75028.636 | P28: =SUM(D28:O28) -> 961228.11
C29: Termoeléctrica | D29: 9620.4093 | E29: 12045.995 | F29: 9425.4728 | G29: 26.919347 | H29: 20.24018 | I29: 26.213821 | J29: 37.413505 | K29: 10.883162 | L29: 349.61303 | M29: 32.466166 | N29: 43.720482 | O29: 114.0331 | P29: =SUM(D29:O29) -> 31753.38
C30: Compra de energía | D30: =+D31 -> 0 | E30: =+E31 -> 0 | F30: =+F31 -> 0 | G30: =+G31 -> 0 | H30: =+H31 -> 0 | I30: =+I31 -> 0 | J30: =+J31 -> 0 | K30: =+K31 -> 0 | ... O30: =+O31 -> 0 | P30: =SUM(D30:O30) -> 0
C31: COES | D31: 0 | E31: 0 | F31: 0 | G31: 0 | H31: 0 | I31: 0 | L31: 0 | M31: 0 | N31: 0 | P31: =SUM(D31:O31) -> 0
C32: Consumo propio de centrales | D32: =+D33+D34 -> 288.12784 | E32: =+E33+E34 -> 292.57779 | F32: =+F33+F34 -> 285.93088 | G32: =+G33+G34 -> 315.76657 | H32: =+H33+H34 -> 289.84 | I32: =+I33+I34 -> 295.73388 | J32: =+J33+J34 -> 300.36436 | K32: =+K33+K34 -> 307.26589 | ... O32: =+O33+O34 -> 310.93107 | P32: =SUM(D32:O32) -> 3597.2973
C33: Hidroeléctrica | D33: 256.33946 | E33: 252.02609 | F33: 259.60489 | G33: 315.52348 | H33: 289.65 | I33: 295.73113 | J33: 297.81537 | K33: 306.12469 | L33: 294.24895 | M33: 306.24528 | N33: 293.32614 | O33: 302.78812 | P33: =SUM(D33:O33) -> 3469.4236 | Q33: =+P33/12 -> 289.11863
C34: Termoeléctrica | D34: 31.788377 | E34: 40.551697 | F34: 26.325984 | G34: 0.24309471 | H34: 0.19 | I34: 0.0027520048 | J34: 2.5489824 | K34: 1.1411987 | L34: 14.59292 | M34: 0.26472483 | N34: 2.0809746 | O34: 8.142951 | P34: =SUM(D34:O34) -> 127.87366 | Q34: =+P34/12 -> 10.656138
C35: Pérdidas Sistemas Transmisión | D35: =+D36+D37 -> 1159.4471 | E35: =+E36+E37 -> 1212.2681 | F35: =+F36+F37 -> 1543.7284 | G35: =+G36+G37 -> 1407.3392 | H35: =+H36+H37 -> 1105.5689 | I35: =+I36+I37 -> 1155.9227 | J35: =+J36+J37 -> 1091.9823 | K35: =+K36+K37 -> 996.19238 | ... O35: =+O36+O37 -> 1062.7054 | P35: =SUM(D35:O35) -> 14731.337
C36: En muy alta tensión | D36: 463.77886 | E36: 484.90725 | F36: 617.49137 | G36: 562.93569 | H36: 442.22757 | I36: 462.36907 | J36: 436.7929 | K36: 398.47695 | L36: 590.0607 | M36: 551.32274 | N36: 457.0895 | O36: 425.08215 | P36: =SUM(D36:O36) -> 5892.5347
C37: En alta tensión | D37: 695.66828 | E37: 727.36087 | F37: 926.23705 | G37: 844.40353 | H37: 663.34135 | I37: 693.5536 | J37: 655.18935 | K37: 597.71543 | L37: 885.09105 | M37: 826.98411 | N37: 685.63425 | O37: 637.62323 | P37: =SUM(D37:O37) -> 8838.8021
C38: Energía total disponible | D38: =+D27+D30-D32-D35 -> 83107.023 | E38: =+E27+E30-E32-E35 -> 108083.06 | F38: =+F27+F30-F32-F35 -> 115761.05 | G38: =+G27+G30-G32-G35 -> 88377.34 | H38: =+H27+H30-H32-H35 -> 69767.966 | I38: =+I27+I30-I32-I35 -> 68360.371 | J38: =+J27+J30-J32-J35 -> 69828.32 | K38: =+K27+K30-K32-K35 -> 71620.677 | ... O38: =+O27+O30-O32-O35 -> 73769.032 | P38: =SUM(D38:O38) -> 974652.85
C39: Venta de energía | D39: =+D40+D43+D54 -> 83107.023 | E39: =+E40+E43+E54 -> 108083.06 | F39: =+F40+F43+F54 -> 115761.05 | G39: =+G40+G43+G54 -> 88377.34 | H39: =+H40+H43+H54 -> 69767.966 | I39: =+I40+I43+I54 -> 68360.371 | J39: =+J40+J43+J54 -> 69828.32 | K39: =+K40+K43+K54 -> 71620.677 | ... O39: =+O40+O43+O54 -> 73769.032 | P39: =SUM(D39:O39) -> 974652.85
C40: A Emp. Generadoras | D40: =+D41+D42 -> 17903.533 | E40: =+E41+E42 -> 47292.29 | F40: =+F41+F42 -> 50636.335 | G40: =+G41+G42 -> 28152.275 | H40: =+H41+H42 -> 9379.5069 | I40: =+I41+I42 -> 11732.865 | J40: =+J41+J42 -> 12141.949 | K40: =+K41+K42 -> 13745.96 | ... O40: =+O41+O42 -> 12774.929 | P40: =SUM(D40:O40) -> 255556.85
C41: COES | D41: 17903.533 | E41: 47292.29 | F41: 50636.335 | G41: 28152.275 | H41: 9379.5069 | I41: 11732.865 | J41: 12141.949 | K41: 13745.96 | L41: 12195.663 | M41: 18247.86 | N41: 21353.685 | O41: 12774.929 | P41: =SUM(D41:O41) -> 255556.85
C42: Electroperú (SWAP) | D42: 0 | E42: 0 | F42: 0 | G42: 0 | H42: 0 | I42: 0 | J42: 0 | K42: 0 | L42: 0 | M42: 0 | N42: 0 | P42: =SUM(D42:O42) -> 0
C43: A emp. Distribuidoras: | D43: =SUM(D44:D53) -> 61496.456 | E43: =SUM(E44:E53) -> 57056.273 | F43: =SUM(F44:F53) -> 60725.64 | G43: =SUM(G44:G53) -> 56068.42 | H43: =SUM(H44:H53) -> 55872.385 | I43: =SUM(I44:I53) -> 52363.767 | J43: =SUM(J44:J53) -> 53561.128 | K43: =SUM(K44:K53) -> 53935.014 | ... P43: =SUM(P44:P53) -> 670718.31
C44: Edelnor | D44: 12330.971 | E44: 11850.139 | F44: 12768.57 | G44: 11718.532 | H44: 11686.984 | I44: 11112.23 | J44: 11344.502 | K44: 11320.7 | L44: 11002.891 | M44: 11449.635 | N44: 11333.036 | O44: =11887760.2/1000 -> 11887.76 | P44: =SUM(D44:O44) -> 139805.95
C45: Luz del Sur | D45: 34799.556 | E45: 33692.989 | F45: 36001.954 | G45: 32883.017 | H45: 32283.16 | I45: 30637.989 | J45: 31423.29 | K45: 31592.346 | L45: 30469.563 | M45: 31409.56 | N45: 30891.405 | O45: 32319.661 | P45: =SUM(D45:O45) -> 388404.49
C46: Edecañete | D46: 622.65074 | E46: 601.5319 | F46: 648.62445 | G46: 589.21785 | H46: 558.39956 | I46: 524.88239 | J46: 539.81352 | K46: 534.82323 | L46: 521.43127 | M46: 545.09976 | N46: 528.20471 | O46: 582.74272 | P46: =SUM(D46:O46) -> 6797.4221
C47: Electrosur | D47: 1318.3012 | E47: 1196.6153 | F47: 1243.3733 | G47: 1185.9495 | H47: 1173.6348 | I47: 1150.2817 | J47: 1157.5527 | K47: 1155.5467 | L47: 1124.3564 | M47: 1191.425 | N47: 1178.0565 | O47: 1256.441 | P47: =SUM(D47:O47) -> 14331.534
C48: Electrosur Este | D48: 903.84364 | E48: 799.76357 | F48: 917.28017 | G48: 900.93573 | H48: 958.8757 | I48: 967.77861 | J48: =1020370.57/1000 -> 1020.3706 | K48: 1019.3111 | L48: 1027.4787 | M48: 1041.8714 | N48: 976.19334 | O48: 972.46781 | P48: =SUM(D48:O48) -> 11506.17
C49: Electropuno | D49: 761.56635 | E49: 743.46159 | F49: 777.40717 | G49: 793.10159 | H49: 814.37796 | I49: 841.5067 | J49: =898808.69/1000 -> 898.80869 | K49: 868.10659 | L49: 860.81271 | M49: 893.26676 | N49: 825.2901 | O49: 857.9435 | P49: =SUM(D49:O49) -> 9935.6497
C50: Seal | D50: 1584.1233 | E50: 1426.6945 | F50: 1593.0615 | G50: 1529.9349 | H50: 1587.2915 | I50: 1512.8235 | J50: 1543.9998 | K50: 1532.296 | L50: 1511.9648 | M50: 1557.0549 | N50: 1521.594 | O50: 1559.9053 | P50: =SUM(D50:O50) -> 18460.744
C51: Electro Oriente | D51: 1938.5491 | E51: 1691.5996 | F51: =1581925.3/1000 -> 1581.9253 | G51: =1543825.54/1000 -> 1543.8255 | H51: 1619.6753 | I51: =1456790.63/1000 -> 1456.7906 | J51: =1619381.74/1000 -> 1619.3817 | K51: 1968.4036 | L51: 1913.5004 | M51: 1931.7166 | N51: 1539.9775 | O51: 1818.833 | P51: =SUM(D51:O51) -> 20624.178
C52: Electro Dunas | D52: 49.14554 | E52: 43.03842 | F52: 52.5765 | G52: 53.21635 | H52: 57.39231 | I52: 55.4165 | J52: 56.68204 | K52: 54.23999 | L52: 54.70912 | M52: 55.89189 | N52: 53.78128 | O52: 53.54055 | P52: =SUM(D52:O52) -> 639.63049
C53: Coelvisac | D53: 7187.7495 | E53: 5010.4406 | F53: 5140.8684 | G53: 4870.689 | H53: 5132.5939 | I53: 4104.068 | J53: 3956.7261 | K53: 3889.2399 | L53: 4624.0542 | M53: 5036.7059 | N53: 5426.2336 | O53: 5833.1742 | P53: =SUM(D53:O53) -> 60212.543
C54: A clientes Libres | D54: =+SUM(D55:D61) -> 3707.0333 | E54: =+SUM(E55:E61) -> 3734.4988 | F54: =+SUM(F55:F61) -> 4399.0736 | G54: =+SUM(G55:G61) -> 4156.6443 | H54: =+SUM(H55:H61) -> 4516.0746 | I54: =+SUM(I55:I61) -> 4263.7387 | J54: =+SUM(J55:J61) -> 4125.2434 | K54: =+SUM(K55:K61) -> 3939.7036 | ... P54: =+SUM(P55:P61) -> 48377.69
C55: MICHELL | D55: 1183.5015 | E55: 1320.5526 | F55: 1479.0415 | G55: 1174.7085 | H55: 1329.7346 | I55: 1245.7392 | J55: 1256.5352 | K55: 1072.6173 | L55: 940.31645 | M55: 999.23317 | N55: 1105.9979 | O55: 875.031 | P55: =SUM(D55:O55) -> 13983.009
C56: TISUR | D56: 1064.3709 | E56: 875.83039 | F56: 809.20313 | G56: 1018.017 | H56: 1178.9034 | I56: 1153.5776 | J56: 874.04074 | K56: 919.07189 | L56: 1005.3184 | M56: 1013.869 | N56: 1094.95 | O56: 1206.2321 | P56: =SUM(D56:O56) -> 12213.385
C57: NATURGEN | D57: 224.46008 | E57: 209.18875 | F57: 228.60396 | G57: 212.95136 | H57: 212.91765 | I57: 202.52127 | J57: 249.31909 | K57: 216.46637 | L57: =213124.69/1000 -> 213.12469 | M57: 233.16811 | N57: 227.67134 | O57: 231.13652 | P57: =SUM(D57:O57) -> 2661.5292
C58: INCALPACA | D58: 406.54125 | E58: 366.94499 | F58: 400.28145 | G58: 366.38505 | H58: 425.06235 | I58: 395.35286 | J58: 413.13617 | K58: 397.23631 | L58: 394.87679 | M58: 404.88916 | N58: 365.65543 | O58: 306.17158 | P58: =SUM(D58:O58) -> 4642.5334
C59: INCATOPS | D59: 828.15946 | E59: 827.14717 | F59: 1095.6531 | G59: 1056.1339 | H59: 1050.889 | I59: 936.16845 | J59: 908.64303 | K59: 892.27406 | L59: 822.03931 | M59: 833.8413 | N59: 775.81584 | O59: 723.41183 | P59: =SUM(D59:O59) -> 10750.176
C60: IBERICA | E60: 134.83483 | F60: 148.12654 | G60: 140.6211 | H60: 155.92573 | I60: 149.68076 | J60: 169.419 | K60: 177.19055 | L60: 193.78855 | M60: 190.84012 | N60: 156.3454 | O60: 170.32734 | P60: =SUM(D60:O60) -> 1787.0999
C61: PAMPABAJA | F61: 238.16393 | G61: 187.82736 | H61: 162.64188 | I61: 180.69855 | J61: 254.15017 | K61: 264.84717 | L61: 247.98432 | M61: 186.26291 | N61: 278.05756 | O61: 339.32371 | P61: =SUM(D61:O61) -> 2339.9576
D62: =+D33/D28 -> 0.0034208612 | E62: =+E33/E28 -> 0.0025837723 | F62: =+F33/F28 -> 0.002400077 | G62: =+G33/G28 -> 0.0035029546 | H62: =+H33/H28 -> 0.0040713696 | I62: =+I33/I28 -> 0.004237697 | J62: =+J33/J28 -> 0.0041837843 | K62: =+K33/K28 -> 0.0041984781 | ... O62: =+O33/O28 -> 0.004035634
C64: Fuente: COES - EGASA
D65: =D39-D40 -> 65203.49 | E65: =E39-E40 -> 60790.772 | F65: =F39-F40 -> 65124.714 | G65: =G39-G40 -> 60225.064 | H65: =H39-H40 -> 60388.459 | I65: =I39-I40 -> 56627.506 | J65: =J39-J40 -> 57686.371 | K65: =K39-K40 -> 57874.717 | ... O65: =O39-O40 -> 60994.103
D67: =+D38-D39 -> 0 | E67: =+E38-E39 -> 0 | F67: =+F38-F39 -> 0 | G67: =+G38-G39 -> 0 | H67: =+H38-H39 -> 0 | I67: =+I38-I39 -> 0 | J67: =+J38-J39 -> 0 | K67: =+K38-K39 -> 0 | ... O67: =+O38-O39 -> 0
D68: =+D67*0.4 -> 0 | E68: =+E67*0.4 -> 0 | F68: =+F67*0.4 -> 0 | G68: =+G67*0.4 -> 0 | H68: =+H67*0.4 -> 0 | I68: =+I67*0.4 -> 0 | J68: =+J67*0.4 -> 0 | K68: =+K67*0.4 -> 0 | ... O68: =+O67*0.4 -> 0
D69: =+D67*0.6 -> 0 | E69: =+E67*0.6 -> 0 | F69: =+F67*0.6 -> 0 | G69: =+G67*0.6 -> 0 | H69: =+H67*0.6 -> 0 | I69: =+I67*0.6 -> 0 | J69: =+J67*0.6 -> 0 | K69: =+K67*0.6 -> 0 | ... O69: =+O67*0.6 -> 0
D71: =D35/D27 -> 0.013712408 | E71: =E35/E27 -> 0.011062061 | F71: =F35/F27 -> 0.01312798 | G71: =G35/G27 -> 0.01561967 | H71: =H35/H27 -> 0.015535645 | I71: =I35/I27 -> 0.016557644 | J71: =J35/J27 -> 0.015332379 | K71: =K35/K27 -> 0.013660668 | ... O71: =O35/O27 -> 0.014142503
I73: =2000*10*3.3/12 -> 5500
D74: =+D43+D54 -> 65203.49 | E74: =+E43+E54 -> 60790.772 | F74: =+F43+F54 -> 65124.714 | G74: =+G43+G54 -> 60225.064
B77: Auxiliares | C77: Medicion | D77: =+D26 -> Enero | E77: =+E26 -> Febrero | F77: =+F26 -> Marzo | G77: =+G26 -> Abril | H77: =+H26 -> Mayo | I77: =+I26 -> Junio | J77: =+J26 -> Julio | K77: =+K26 -> Agosto | ... P77: =+P26 -> Acumulado
B78: Charcani I | C78: Aux (1) | K78: 8814.7263
B79: Charcani II | C79: Aux (2) | K79: 1527.9247
B80: Charcani III | C80: Aux | K80: 1305.4369
C81: Toma III | K81: 4572.8953
C82: Toma P3,P4,P5,P6 | K82: 1555.9969
C83: Total (3) | K83: =+K80+K81-K82 -> 4322.3353
B84: Charcani IV | C84: Aux (4) | K84: 6657.2092
B85: Charcani V | C85: Aux G1 | K85: 52409.603
C86: Aux G2 | K86: 224943.28
C87: Antena | K87: 7661.9121
C88: P1 | K88: 2310.6453
C89: Total (5) | K89: =+K85+K86-K87-K88 -> 267380.33
B90: Charcani VI | C90: Aux (6) | K90: 15086.135
B91: Total Hidraulica | C91: Total Hidraulica | K91: =+K78+K79+K83+K84+K89+K90 -> 303788.66 | L91: =+#REF!-#REF! -> #REF! | M91: =+#REF!-#REF! -> #REF! | N91: =+#REF!-#REF! -> #REF! | O91: =+#REF!-#REF! -> #REF! | P91: =+#REF!-#REF! -> #REF!
B93: Chilina | C93: TG | K93: 1032.493
C94: C. Edificio | K94: 43862.024
C95: Sulzer | K95: 421682.45
B96: Mollendo | C96: Mirrles | K96: 122453.66
B97: Pisco | C97: Pisco Aux1 | K97: 62101.577
C98: Pisco Aux2 | K98: 61463.832
C99: Alimentador de Calentadores | K99: 74372.498
B100: Total Termica | C100: Total Termica | K100: =+SUM(K93:K99) -> 786968.54 | L100: =+SUM(L93:L99) -> 0 | M100: =+SUM(M93:M99) -> 0 | N100: =+SUM(N93:N99) -> 0 | O100: =+SUM(O93:O99) -> 0 | P100: =+SUM(P93:P99) -> 0
I102: =+I100/1000 -> 0
I104: =+I34 -> 0.0027520048
I111: 33164.132
I112: 33210.251 | J112: =+I111-I112 -> -46.118741

Sheet 2019-R1
C3: PRODUCCIÓN MENSUAL DE ENERGÍA ELÉCTRICA EN EGASA
C4: AÑO 2017 (MWh)
C6: CENTRALES | D6: Enero | E6: Febrero | F6: Marzo | G6: Abril | H6: Mayo | I6: Junio | J6: Julio | K6: Agosto | L6: Septiembre | M6: Octubre | N6: Noviembre | O6: Diciembre | P6: Acumulado
C7: Hidráulica
C8: Charcani I | D8: 1131.6971 | P8: =+SUM(D8:O8) -> 1131.6971
C9: Charcani II | D9: 404.73452 | P9: =+SUM(D9:O9) -> 404.73452
C10: Charcani III | D10: 3164.3521 | P10: =+SUM(D10:O10) -> 3164.3521
C11: Charcani IV | D11: 7358.1597 | P11: =+SUM(D11:O11) -> 7358.1597
C12: Charcani V | D12: 44993.963 | P12: =+SUM(D12:O12) -> 44993.963
C13: Charcani VI | D13: 4089.3769 | P13: =+SUM(D13:O13) -> 4089.3769
C14: Total Hidraúlica | D14: =SUM(D8:D13) -> 61142.283 | E14: =SUM(E8:E13) -> 0 | F14: =SUM(F8:F13) -> 0 | G14: =SUM(G8:G13) -> 0 | H14: =SUM(H8:H13) -> 0 | I14: =SUM(I8:I13) -> 0 | J14: =SUM(J8:J13) -> 0 | K14: =SUM(K8:K13) -> 0 | ... O14: =SUM(O8:O13) -> 0 | P14: =+SUM(D14:O14) -> 61142.283
C15: Térmica
C16: T.Vapor | D16: 0 | P16: =+SUM(D16:O16) -> 0
C17: T.G.-Ciclo Combinado | D17: 11.521423 | P17: =+SUM(D17:O17) -> 11.521423
C18: Sulzers | D18: 701.38252 | P18: =+SUM(D18:O18) -> 701.38252
C19: C.T. Mollendo | D19: 1338.8287 | P19: =+SUM(D19:O19) -> 1338.8287
C20: C.T. Pisco | D20: 35832.495 | P20: =+SUM(D20:O20) -> 35832.495
C21: Total Térmica | D21: =SUM(D16:D20) -> 37884.227 | E21: =SUM(E16:E20) -> 0 | F21: =SUM(F16:F20) -> 0 | G21: =SUM(G16:G20) -> 0 | H21: =SUM(H16:H20) -> 0 | I21: =SUM(I16:I20) -> 0 | J21: =SUM(J16:J20) -> 0 | K21: =SUM(K16:K20) -> 0 | ... O21: =SUM(O16:O20) -> 0 | P21: =+SUM(D21:O21) -> 37884.227
C22: TOTAL EGASA | D22: =+D14+D21 -> 99026.51 | E22: =+E14+E21 -> 0 | F22: =+F14+F21 -> 0 | G22: =+G14+G21 -> 0 | H22: =+H14+H21 -> 0 | I22: =+I14+I21 -> 0 | J22: =+J14+J21 -> 0 | K22: =+K14+K21 -> 0 | ... O22: =+O14+O21 -> 0 | P22: =+SUM(D22:O22) -> 99026.51
Q23: 1000
C24: BALANCE DE ENERGÍA EN MWh - AÑO 2019
C26: DESCRIPCIÓN | D26: Enero | E26: Febrero | F26: Marzo | G26: Abril | H26: Mayo | I26: Junio | J26: Julio | K26: Agosto | L26: Septiembre | M26: Octubre | N26: Noviembre | O26: Diciembre | P26: Acumulado
C27: Energía producida | D27: =+D28+D29 -> 84554.598 | E27: =+E28+E29 -> 109587.91 | F27: =+F28+F29 -> 117590.71 | G27: =+G28+G29 -> 90100.445 | H27: =+H28+H29 -> 71163.375 | I27: =+I28+I29 -> 69812.027 | J27: =+J28+J29 -> 71220.667 | K27: =+K28+K29 -> 72924.135 | ... O27: =+O28+O29 -> 75142.669 | P27: =SUM(D27:O27) -> 992981.49
C28: Hidroeléctrica | D28: 74934.188 | E28: 97541.913 | F28: 108165.24 | G28: 90073.526 | H28: 71143.135 | I28: 69785.813 | J28: 71183.253 | K28: 72913.252 | L28: 70558.254 | M28: =+'2019'!M28 -> 78874.542 | N28: =+'2019'!N28 -> 81026.361 | O28: =+'2019'!O28 -> 75028.636 | P28: =SUM(D28:O28) -> 961228.11
C29: Termoeléctrica | D29: 9620.4093 | E29: 12045.995 | F29: 9425.4728 | G29: 26.919347 | H29: 20.24018 | I29: 26.213821 | J29: 37.413505 | K29: 10.883162 | L29: 349.61303 | M29: =+'2019'!M29 -> 32.466166 | N29: =+'2019'!N29 -> 43.720482 | O29: =+'2019'!O29 -> 114.0331 | P29: =SUM(D29:O29) -> 31753.38
C30: Compra de energía | D30: =+D31 -> 0 | E30: =+E31 -> 0 | F30: =+F31 -> 0 | G30: =+G31 -> 0 | H30: =+H31 -> 0 | I30: =+I31 -> 0 | J30: =+J31 -> 0 | K30: =+K31 -> 0 | ... O30: =+O31 -> 0 | P30: =SUM(D30:O30) -> 0
C31: COES | D31: 0 | E31: 0 | F31: 0 | G31: 0 | H31: 0 | I31: 0 | J31: 0 | K31: 0 | L31: 0 | N31: 0 | P31: =SUM(D31:O31) -> 0
C32: Consumo propio de centrales | D32: =+D33+D34 -> 288.12784 | E32: =+E33+E34 -> 292.57779 | F32: =+F33+F34 -> 285.93088 | G32: =+G33+G34 -> 315.76657 | H32: =+H33+H34 -> 289.84 | I32: =+I33+I34 -> 295.73388 | J32: =+J33+J34 -> 300.36436 | K32: =+K33+K34 -> 307.26589 | ... O32: =+O33+O34 -> 310.93107 | P32: =SUM(D32:O32) -> 3597.2973
C33: Hidroeléctrica | D33: 256.33946 | E33: 252.02609 | F33: 259.60489 | G33: 315.52348 | H33: 289.65 | I33: 295.73113 | J33: 297.81537 | K33: 306.12469 | L33: 294.24895 | M33: =+'2019'!M33 -> 306.24528 | N33: =+'2019'!N33 -> 293.32614 | O33: =+'2019'!O33 -> 302.78812 | P33: =SUM(D33:O33) -> 3469.4236
C34: Termoeléctrica | D34: 31.788377 | E34: 40.551697 | F34: 26.325984 | G34: 0.24309471 | H34: 0.19 | I34: 0.0027520048 | J34: 2.5489824 | K34: 1.1411987 | L34: 14.59292 | M34: =+'2019'!M34 -> 0.26472483 | N34: =+'2019'!N34 -> 2.0809746 | O34: =+'2019'!O34 -> 8.142951 | P34: =SUM(D34:O34) -> 127.87366
C35: Pérdidas Sistemas Transmisión | D35: =+D36+D37 -> 1158.9719 | E35: =+E36+E37 -> 1116.8605 | F35: =+F36+F37 -> 1546.8166 | G35: =+G36+G37 -> 1283.408 | H35: =+H36+H37 -> 1135.0445 | I35: =+I36+I37 -> 1155.9227 | J35: =+J36+J37 -> 1091.9823 | K35: =+K36+K37 -> 992.72224 | ... O35: =+O36+O37 -> 1062.7054 | P35: =SUM(D35:O35) -> 14540.616
C36: En muy alta tensión | D36: 463.58877 | E36: 446.7442 | F36: 618.72663 | G36: 513.3632 | H36: 454.01781 | I36: 462.36907 | J36: 436.7929 | K36: 397.08889 | L36: 590.0607 | M36: =+'2019'!M36 -> 551.32274 | N36: =+'2019'!N36 -> 457.0895 | O36: =+'2019'!O36 -> 425.08215 | P36: =SUM(D36:O36) -> 5816.2466
C37: En alta tensión | D37: 695.38315 | E37: 670.1163 | F37: 928.08995 | G37: 770.0448 | H37: 681.02671 | I37: 693.5536 | J37: 655.18935 | K37: 595.63334 | L37: 885.09105 | M37: =+'2019'!M37 -> 826.98411 | N37: =+'2019'!N37 -> 685.63425 | O37: =+'2019'!O37 -> 637.62323 | P37: =SUM(D37:O37) -> 8724.3699
C38: Energía total disponible | D38: =+D27+D30-D32-D35 -> 83107.498 | E38: =+E27+E30-E32-E35 -> 108178.47 | F38: =+F27+F30-F32-F35 -> 115757.96 | G38: =+G27+G30-G32-G35 -> 88501.271 | H38: =+H27+H30-H32-H35 -> 69738.491 | I38: =+I27+I30-I32-I35 -> 68360.371 | J38: =+J27+J30-J32-J35 -> 69828.32 | K38: =+K27+K30-K32-K35 -> 71624.147 | ... O38: =+O27+O30-O32-O35 -> 73769.032 | P38: =SUM(D38:O38) -> 974843.58
C39: Venta de energía | D39: =+D40+D43+D54 -> 83107.498 | E39: =+E40+E43+E54 -> 108178.47 | F39: =+F40+F43+F54 -> 115757.96 | G39: =+G40+G43+G54 -> 88501.271 | H39: =+H40+H43+H54 -> 69738.491 | I39: =+I40+I43+I54 -> 68360.371 | J39: =+J40+J43+J54 -> 69828.32 | K39: =+K40+K43+K54 -> 71624.147 | ... O39: =+O40+O43+O54 -> 73769.032 | P39: =SUM(D39:O39) -> 974843.58
C40: A Emp. Generadoras | D40: =+D41+D42 -> 17903.533 | E40: =+E41+E42 -> 47387.778 | F40: =+F41+F42 -> 50636.335 | G40: =+G41+G42 -> 28276.113 | H40: =+H41+H42 -> 9350.0313 | I40: =+I41+I42 -> 11732.865 | J40: =+J41+J42 -> 12141.949 | K40: =+K41+K42 -> 13745.96 | ... O40: =+O41+O42 -> 12774.929 | P40: =SUM(D40:O40) -> 255746.7
C41: COES | D41: 17903.533 | E41: 47387.778 | F41: 50636.335 | G41: 28276.113 | H41: 9350.0313 | I41: 11732.865 | J41: 12141.949 | K41: 13745.96 | L41: 12195.663 | M41: =+'2019'!M41 -> 18247.86 | N41: =+'2019'!N41 -> 21353.685 | O41: =+'2019'!O41 -> 12774.929 | P41: =SUM(D41:O41) -> 255746.7
C42: Electroperú (SWAP) | D42: 0 | E42: 0 | F42: 0 | G42: 0 | H42: 0 | I42: 0 | J42: 0 | K42: 0 | L42: 0 | M42: 0 | N42: 0 | P42: =SUM(D42:O42) -> 0
C43: A emp. Distribuidoras: | D43: =SUM(D44:D53) -> 61496.932 | E43: =SUM(E44:E53) -> 57056.193 | F43: =SUM(F44:F53) -> 60722.552 | G43: =SUM(G44:G53) -> 56068.513 | H43: =SUM(H44:H53) -> 55872.385 | I43: =SUM(I44:I53) -> 52363.767 | J43: =SUM(J44:J53) -> 53561.128 | K43: =SUM(K44:K53) -> 53938.484 | ... P43: =SUM(P44:P53) -> 670719.18
C44: Edelnor | D44: 12330.971 | E44: 11850.139 | F44: 12765.481 | G44: 11718.532 | H44: 11686.984 | I44: 11112.23 | J44: 11344.502 | K44: 11320.722 | L44: 11002.891 | M44: =+'2019'!M44 -> 11449.635 | N44: =+'2019'!N44 -> 11333.036 | O44: 11887.76 | P44: =SUM(D44:O44) -> 139802.88
C45: Luz del Sur | D45: 34799.556 | E45: 33692.989 | F45: 36001.954 | G45: 32883.017 | H45: 32283.16 | I45: 30637.989 | J45: 31423.29 | K45: 31595.432 | L45: 30469.563 | M45: =+'2019'!M45 -> 31409.56 | N45: =+'2019'!N45 -> 30891.405 | O45: =+'2019'!O45 -> 32319.661 | P45: =SUM(D45:O45) -> 388407.58
C46: Edecañete | D46: 622.65074 | E46: 601.5319 | F46: 648.62445 | G46: 589.21785 | H46: 558.39956 | I46: 524.88239 | J46: 539.81352 | K46: 534.82323 | L46: 521.43127 | M46: =+'2019'!M46 -> 545.09976 | N46: =+'2019'!N46 -> 528.20471 | O46: =+'2019'!O46 -> 582.74272 | P46: =SUM(D46:O46) -> 6797.4221
C47: Electrosur | D47: 1319.3452 | E47: 1196.4536 | F47: 1243.3733 | G47: 1185.9495 | H47: 1173.6348 | I47: 1150.2817 | J47: 1157.5527 | K47: 1155.5467 | L47: 1124.3564 | M47: =+'2019'!M47 -> 1191.425 | N47: =+'2019'!N47 -> 1178.0565 | O47: =+'2019'!O47 -> 1256.441 | P47: =SUM(D47:O47) -> 14332.416
C48: Electrosur Este | D48: 903.84364 | E48: 799.76357 | F48: 917.28017 | G48: 901.1808 | H48: 958.8757 | I48: 967.77861 | J48: =1020370.57/1000 -> 1020.3706 | K48: 1019.3111 | L48: 1027.4787 | M48: =+'2019'!M48 -> 1041.8714 | N48: =+'2019'!N48 -> 976.19334 | O48: =+'2019'!O48 -> 972.46781 | P48: =SUM(D48:O48) -> 11506.415
C49: Electropuno | D49: 761.56635 | E49: 743.46159 | F49: 777.40717 | G49: 793.10159 | H49: 814.37796 | I49: 841.5067 | J49: =898808.69/1000 -> 898.80869 | K49: 868.10659 | L49: 860.81271 | M49: =+'2019'!M49 -> 893.26676 | N49: =+'2019'!N49 -> 825.2901 | O49: =+'2019'!O49 -> 857.9435 | P49: =SUM(D49:O49) -> 9935.6497
C50: Seal | D50: 1583.5546 | E50: 1426.7757 | F50: 1593.0615 | G50: 1529.7834 | H50: 1587.2915 | I50: 1512.8235 | J50: 1543.9998 | K50: 1532.658 | L50: 1511.9648 | M50: =+'2019'!M50 -> 1557.0549 | N50: =+'2019'!N50 -> 1521.594 | O50: =+'2019'!O50 -> 1559.9053 | P50: =SUM(D50:O50) -> 18460.467
C51: Electro Oriente | D51: 1938.5491 | E51: 1691.5996 | F51: 1581.9253 | G51: 1543.8255 | H51: 1619.6753 | I51: =1456790.63/1000 -> 1456.7906 | J51: =1619381.74/1000 -> 1619.3817 | K51: 1968.4036 | L51: 1913.5004 | M51: =+'2019'!M51 -> 1931.7166 | N51: =+'2019'!N51 -> 1539.9775 | O51: =+'2019'!O51 -> 1818.833 | P51: =SUM(D51:O51) -> 20624.178
C52: Electro Dunas | D52: 49.14554 | E52: 43.03842 | F52: 52.5765 | G52: 53.21635 | H52: 57.39231 | I52: 55.4165 | J52: 56.68204 | K52: 54.23999 | L52: 54.70912 | M52: =+'2019'!M52 -> 55.89189 | N52: =+'2019'!N52 -> 53.78128 | O52: =+'2019'!O52 -> 53.54055 | P52: =SUM(D52:O52) -> 639.63049
C53: Coelvisac | D53: 7187.7495 | E53: 5010.4406 | F53: 5140.8684 | G53: 4870.689 | H53: 5132.5939 | I53: 4104.068 | J53: 3956.7261 | K53: 3889.2399 | L53: 4624.0542 | M53: =+'2019'!M53 -> 5036.7059 | N53: =+'2019'!N53 -> 5426.2336 | O53: =+'2019'!O53 -> 5833.1742 | P53: =SUM(D53:O53) -> 60212.543
C54: A clientes Libres | D54: =+SUM(D55:D61) -> 3707.0333 | E54: =+SUM(E55:E61) -> 3734.4988 | F54: =+SUM(F55:F61) -> 4399.0736 | G54: =+SUM(G55:G61) -> 4156.6443 | H54: =+SUM(H55:H61) -> 4516.0746 | I54: =+SUM(I55:I61) -> 4263.7387 | J54: =+SUM(J55:J61) -> 4125.2434 | K54: =+SUM(K55:K61) -> 3939.7036 | ... P54: =+SUM(P55:P61) -> 48377.69
C55: MICHELL | D55: 1183.5015 | E55: 1320.5526 | F55: 1479.0415 | G55: 1174.7085 | H55: 1329.7346 | I55: 1245.7392 | J55: 1256.5352 | K55: 1072.6173 | L55: 940.31645 | M55: =+'2019'!M55 -> 999.23317 | N55: =+'2019'!N55 -> 1105.9979 | O55: =+'2019'!O55 -> 875.031 | P55: =SUM(D55:O55) -> 13983.009
C56: TISUR | D56: 1064.3709 | E56: 875.83039 | F56: 809.20313 | G56: 1018.017 | H56: 1178.9034 | I56: 1153.5776 | J56: 874.04074 | K56: 919.07189 | L56: 1005.3184 | M56: =+'2019'!M56 -> 1013.869 | N56: =+'2019'!N56 -> 1094.95 | O56: =+'2019'!O56 -> 1206.2321 | P56: =SUM(D56:O56) -> 12213.385
C57: NATURGEN | D57: 224.46008 | E57: 209.18875 | F57: 228.60396 | G57: 212.95136 | H57: 212.91765 | I57: 202.52127 | J57: 249.31909 | K57: 216.46637 | L57: 213.12469 | M57: =+'2019'!M57 -> 233.16811 | N57: =+'2019'!N57 -> 227.67134 | O57: =+'2019'!O57 -> 231.13652 | P57: =SUM(D57:O57) -> 2661.5292
C58: INCALPACA | D58: 406.54125 | E58: 366.94499 | F58: 400.28145 | G58: 366.38505 | H58: 425.06235 | I58: 395.35286 | J58: 413.13617 | K58: 397.23631 | L58: 394.87679 | M58: =+'2019'!M58 -> 404.88916 | N58: =+'2019'!N58 -> 365.65543 | O58: =+'2019'!O58 -> 306.17158 | P58: =SUM(D58:O58) -> 4642.5334
C59: INCATOPS | D59: 828.15946 | E59: 827.14717 | F59: 1095.6531 | G59: 1056.1339 | H59: 1050.889 | I59: 936.16845 | J59: 908.64303 | K59: 892.27406 | L59: 822.03931 | M59: =+'2019'!M59 -> 833.8413 | N59: =+'2019'!N59 -> 775.81584 | O59: =+'2019'!O59 -> 723.41183 | P59: =SUM(D59:O59) -> 10750.176
C60: IBERICA | E60: 134.83483 | F60: 148.12654 | G60: 140.6211 | H60: 155.92573 | I60: 149.68076 | J60: 169.419 | K60: 177.19055 | L60: 193.78855 | M60: =+'2019'!M60 -> 190.84012 | N60: =+'2019'!N60 -> 156.3454 | O60: =+'2019'!O60 -> 170.32734 | P60: =SUM(D60:O60) -> 1787.0999
C61: PAMPA BAJA | F61: 238.16393 | G61: 187.82736 | H61: 162.64188 | I61: 180.69855 | J61: 254.15017 | K61: 264.84717 | L61: 247.98432 | M61: =+'2019'!M61 -> 186.26291 | N61: =+'2019'!N61 -> 278.05756 | O61: =+'2019'!O61 -> 339.32371 | P61: =SUM(D61:O61) -> 2339.9576
D62: =+D33/D28 -> 0.0034208612 | E62: =+E33/E28 -> 0.0025837723 | F62: =+F33/F28 -> 0.002400077 | G62: =+G33/G28 -> 0.0035029546 | H62: =+H33/H28 -> 0.0040713696 | I62: =+I33/I28 -> 0.004237697 | J62: =+J33/J28 -> 0.0041837843 | K62: =+K33/K28 -> 0.0041984781 | ... O62: =+O33/O28 -> 0.004035634
C64: Fuente: COES - EGASA
D65: =D39-D40 -> 65203.965 | E65: =E39-E40 -> 60790.691 | F65: =F39-F40 -> 65121.626 | G65: =G39-G40 -> 60225.158 | H65: =H39-H40 -> 60388.459 | I65: =I39-I40 -> 56627.506 | J65: =J39-J40 -> 57686.371 | K65: =K39-K40 -> 57878.187 | ... O65: =O39-O40 -> 60994.103
D67: =+D38-D39 -> 0 | E67: =+E38-E39 -> 0 | F67: =+F38-F39 -> 0 | G67: =+G38-G39 -> 0 | H67: =+H38-H39 -> 0 | I67: =+I38-I39 -> 0 | J67: =+J38-J39 -> 0 | K67: =+K38-K39 -> 0 | ... O67: =+O38-O39 -> 0
D68: =+D67*0.4 -> 0 | E68: =+E67*0.4 -> 0 | F68: =+F67*0.4 -> 0 | G68: =+G67*0.4 -> 0 | H68: =+H67*0.4 -> 0 | I68: =+I67*0.4 -> 0 | J68: =+J67*0.4 -> 0 | K68: =+K67*0.4 -> 0 | ... O68: =+O67*0.4 -> 0
D69: =+D67*0.6 -> 0 | E69: =+E67*0.6 -> 0 | F69: =+F67*0.6 -> 0 | G69: =+G67*0.6 -> 0 | H69: =+H67*0.6 -> 0 | I69: =+I67*0.6 -> 0 | J69: =+J67*0.6 -> 0 | K69: =+K67*0.6 -> 0 | ... O69: =+O67*0.6 -> 0

Sheet 2019-R2
C3: PRODUCCIÓN MENSUAL DE ENERGÍA ELÉCTRICA EN EGASA
C4: AÑO 2017 (MWh)
C6: CENTRALES | D6: Enero | E6: Febrero | F6: Marzo | G6: Abril | H6: Mayo | I6: Junio | J6: Julio | K6: Agosto | L6: Septiembre | M6: Octubre | N6: Noviembre | O6: Diciembre | P6: Acumulado
C7: Hidráulica
C8: Charcani I | D8: 1240.9939 | E8: 998.70378 | F8: 1234.4386 | G8: 1199.7256 | H8: 1243.9933 | I8: 1199.6498 | J8: 1214.4944 | K8: 1233.4055 | L8: 1162.8326 | M8: 1217.8175 | N8: 1208.276 | O8: 1230.0419 | P8: =+SUM(D8:O8) -> 14384.373
C9: Charcani II | D9: 418.88091 | E9: 312.43324 | F9: 413.71202 | G9: 407.00296 | H9: 415.04507 | I9: 405.40372 | J9: 423.37137 | K9: 421.52901 | L9: 413.99181 | M9: 421.20926 | N9: 414.69397 | O9: 423.40792 | P9: =+SUM(D9:O9) -> 4890.6813
C10: Charcani III | D10: 3355.079 | E10: 2734.1932 | F10: 3343.8868 | G10: 3273.739 | H10: 3325.7171 | I10: 3239.9702 | J10: 3315.019 | K10: 3377.7075 | L10: 3284.4659 | M10: 3396.7428 | N10: 3355.7372 | O10: 3424.8707 | P10: =+SUM(D10:O10) -> 39427.128
C11: Charcani IV | D11: 9128.7619 | E11: 7711.1607 | F11: 8815.5331 | G11: 9375.8924 | H11: 8551.3533 | I11: 8296.3259 | J11: 8302.6152 | K11: 8290.0216 | L11: 8357.9532 | M11: 9505.9844 | N11: 9794.5937 | O11: 8153.2551 | P11: =+SUM(D11:O11) -> 104283.45
C12: Charcani V | D12: 55201.712 | E12: 81546.705 | F12: 88417.859 | G12: 70217.66 | H12: 53420.797 | I12: 51705.77 | J12: 52709.714 | K12: 54146.048 | L12: 52136.686 | M12: 58454.391 | N12: 60178.444 | O12: 56312.452 | P12: =+SUM(D12:O12) -> 734448.24
C13: Charcani VI | D13: 5588.761 | E13: 4238.7171 | F13: 5939.8058 | G13: 5599.506 | H13: 4186.2291 | I13: 4938.6942 | J13: 5218.039 | K13: 5444.5401 | L13: 5202.3246 | M13: 5878.3971 | N13: 6074.6164 | O13: 5484.6079 | P13: =+SUM(D13:O13) -> 63794.238
C14: Total Hidraúlica | D14: =SUM(D8:D13) -> 74934.188 | E14: =SUM(E8:E13) -> 97541.913 | F14: =SUM(F8:F13) -> 108165.24 | G14: =SUM(G8:G13) -> 90073.526 | H14: =SUM(H8:H13) -> 71143.135 | I14: =SUM(I8:I13) -> 69785.813 | J14: =SUM(J8:J13) -> 71183.253 | K14: =SUM(K8:K13) -> 72913.252 | ... O14: =SUM(O8:O13) -> 75028.636 | P14: =+SUM(D14:O14) -> 961228.11
C15: Térmica
C16: T.Vapor | D16: 0 | P16: =+SUM(D16:O16) -> 0
C17: T.G.-Ciclo Combinado | D17: 0 | E17: 0 | F17: 0 | G17: 26.366884 | H17: 0 | I17: 26.213821 | J17: 0 | K17: 1.2625818 | L17: 80.511742 | M17: 31.170962 | N17: 0 | O17: 0 | P17: =+SUM(D17:O17) -> 165.52599
C18: Sulzers | D18: 0 | E18: 66.181884 | F18: 1.0150506 | G18: 0.55246325 | H18: 0 | I18: 0 | J18: 14.927645 | K18: 9.6205799 | L18: 89.402195 | M18: 1.2952041 | N18: 0 | O18: 94.277912 | P18: =+SUM(D18:O18) -> 277.27294
C19: C.T. Mollendo | D19: 0.68935513 | E19: 61.431323 | F19: 9.166003 | G19: 0 | H19: 20.24018 | I19: 0 | J19: 22.48586 | K19: 0 | L19: 179.6991 | M19: 0 | N19: 43.720482 | O19: 19.755192 | P19: =+SUM(D19:O19) -> 357.18749
C20: C.T. Pisco | D20: 9619.72 | E20: 11918.382 | F20: 9415.2917 | G20: 0 | H20: 0 | I20: 0 | J20: 0 | K20: 0 | L20: 0 | M20: 0 | N20: 0 | O20: 0 | P20: =+SUM(D20:O20) -> 30953.393
C21: Total Térmica | D21: =SUM(D16:D20) -> 9620.4093 | E21: =SUM(E16:E20) -> 12045.995 | F21: =SUM(F16:F20) -> 9425.4728 | G21: =SUM(G16:G20) -> 26.919347 | H21: =SUM(H16:H20) -> 20.24018 | I21: =SUM(I16:I20) -> 26.213821 | J21: =SUM(J16:J20) -> 37.413505 | K21: =SUM(K16:K20) -> 10.883162 | ... O21: =SUM(O16:O20) -> 114.0331 | P21: =+SUM(D21:O21) -> 31753.38
C22: TOTAL EGASA | D22: =+D14+D21 -> 84554.598 | E22: =+E14+E21 -> 109587.91 | F22: =+F14+F21 -> 117590.71 | G22: =+G14+G21 -> 90100.445 | H22: =+H14+H21 -> 71163.375 | I22: =+I14+I21 -> 69812.027 | J22: =+J14+J21 -> 71220.667 | K22: =+K14+K21 -> 72924.135 | ... O22: =+O14+O21 -> 75142.669 | P22: =+SUM(D22:O22) -> 992981.49
C24: BALANCE DE ENERGÍA EN MWh - AÑO 2019
C26: DESCRIPCIÓN | D26: Enero | E26: Febrero | F26: Marzo | G26: Abril | H26: Mayo | I26: Junio | J26: Julio | K26: Agosto | L26: Septiembre | M26: Octubre | N26: Noviembre | O26: Diciembre | P26: Acumulado
C27: Energía producida | D27: =+D28+D29 -> 84554.598 | E27: =+E28+E29 -> 109587.91 | F27: =+F28+F29 -> 117590.71 | G27: =+G28+G29 -> 90100.445 | H27: =+H28+H29 -> 71163.375 | I27: =+I28+I29 -> 69812.027 | J27: =+J28+J29 -> 71220.667 | K27: =+K28+K29 -> 72924.135 | ... O27: =+O28+O29 -> 75142.669 | P27: =SUM(D27:O27) -> 992981.49
C28: Hidroeléctrica | D28: 74934.188 | E28: 97541.913 | F28: 108165.24 | G28: 90073.526 | H28: 71143.135 | I28: 69785.813 | J28: 71183.253 | K28: 72913.252 | L28: 70558.254 | M28: =+'2019'!M28 -> 78874.542 | N28: =+'2019'!N28 -> 81026.361 | O28: =+'2019'!O28 -> 75028.636 | P28: =SUM(D28:O28) -> 961228.11
C29: Termoeléctrica | D29: 9620.4093 | E29: 12045.995 | F29: 9425.4728 | G29: 26.919347 | H29: 20.24018 | I29: 26.213821 | J29: 37.413505 | K29: 10.883162 | L29: 349.61303 | M29: =+'2019'!M29 -> 32.466166 | N29: =+'2019'!N29 -> 43.720482 | O29: =+'2019'!O29 -> 114.0331 | P29: =SUM(D29:O29) -> 31753.38
C30: Compra de energía | D30: =+D31 -> 0 | E30: =+E31 -> 0 | F30: =+F31 -> 0 | G30: =+G31 -> 0 | H30: =+H31 -> 0 | I30: =+I31 -> 0 | J30: =+J31 -> 0 | K30: =+K31 -> 0 | ... O30: =+O31 -> 0 | P30: =SUM(D30:O30) -> 0
C31: COES | D31: 0 | E31: 0 | F31: 0 | G31: 0 | H31: 0 | I31: 0 | J31: 0 | K31: 0 | L31: 0 | N31: 0 | P31: =SUM(D31:O31) -> 0
C32: Consumo propio de centrales | D32: =+D33+D34 -> 288.12784 | E32: =+E33+E34 -> 292.57779 | F32: =+F33+F34 -> 285.93088 | G32: =+G33+G34 -> 315.76657 | H32: =+H33+H34 -> 289.84 | I32: =+I33+I34 -> 295.73388 | J32: =+J33+J34 -> 300.36436 | K32: =+K33+K34 -> 307.26589 | ... O32: =+O33+O34 -> 310.93107 | P32: =SUM(D32:O32) -> 3597.2973
C33: Hidroeléctrica | D33: 256.33946 | E33: 252.02609 | F33: 259.60489 | G33: 315.52348 | H33: 289.65 | I33: 295.73113 | J33: 297.81537 | K33: 306.12469 | L33: 294.24895 | M33: =+'2019'!M33 -> 306.24528 | N33: =+'2019'!N33 -> 293.32614 | O33: =+'2019'!O33 -> 302.78812 | P33: =SUM(D33:O33) -> 3469.4236
C34: Termoeléctrica | D34: 31.788377 | E34: 40.551697 | F34: 26.325984 | G34: 0.24309471 | H34: 0.19 | I34: 0.0027520048 | J34: 2.5489824 | K34: 1.1411987 | L34: 14.59292 | M34: =+'2019'!M34 -> 0.26472483 | N34: =+'2019'!N34 -> 2.0809746 | O34: =+'2019'!O34 -> 8.142951 | P34: =SUM(D34:O34) -> 127.87366
C35: Pérdidas Sistemas Transmisión | D35: =+D36+D37 -> 1158.9719 | E35: =+E36+E37 -> 1116.8605 | F35: =+F36+F37 -> 1546.8166 | G35: =+G36+G37 -> 1283.408 | H35: =+H36+H37 -> 1135.0445 | I35: =+I36+I37 -> 1090.2527 | J35: =+J36+J37 -> 1116.9538 | K35: =+K36+K37 -> 1120.1631 | ... O35: =+O36+O37 -> 1237.8036 | P35: =SUM(D35:O35) -> 14469.971
C36: En muy alta tensión | D36: 463.58877 | E36: 446.7442 | F36: 618.72663 | G36: 513.3632 | H36: 454.01781 | I36: 436.10108 | J36: 446.78151 | K36: 448.06523 | L36: 443.86204 | M36: 510.70358 | N36: 510.91306 | O36: 495.12145 | P36: =SUM(D36:O36) -> 5787.9886
C37: En alta tensión | D37: 695.38315 | E37: 670.1163 | F37: 928.08995 | G37: 770.0448 | H37: 681.02671 | I37: 654.15163 | J37: 670.17227 | K37: 672.09784 | L37: 665.79306 | M37: 766.05538 | N37: 766.36959 | O37: 742.68217 | P37: =SUM(D37:O37) -> 8681.9828
C38: Energía total disponible | D38: =+D27+D30-D32-D35 -> 83107.498 | E38: =+E27+E30-E32-E35 -> 108178.47 | F38: =+F27+F30-F32-F35 -> 115757.96 | G38: =+G27+G30-G32-G35 -> 88501.271 | H38: =+H27+H30-H32-H35 -> 69738.491 | I38: =+I27+I30-I32-I35 -> 68426.041 | J38: =+J27+J30-J32-J35 -> 69803.349 | K38: =+K27+K30-K32-K35 -> 71496.706 | ... O38: =+O27+O30-O32-O35 -> 73593.934 | P38: =SUM(D38:O38) -> 974914.22
C39: Venta de energía | D39: =+D40+D43+D54 -> 83107.498 | E39: =+E40+E43+E54 -> 108178.47 | F39: =+F40+F43+F54 -> 115757.96 | G39: =+G40+G43+G54 -> 88501.271 | H39: =+H40+H43+H54 -> 69738.491 | I39: =+I40+I43+I54 -> 68426.041 | J39: =+J40+J43+J54 -> 69803.349 | K39: =+K40+K43+K54 -> 71496.706 | ... O39: =+O40+O43+O54 -> 73593.934 | P39: =SUM(D39:O39) -> 974914.22
C40: A Emp. Generadoras | D40: =+D41+D42 -> 17903.533 | E40: =+E41+E42 -> 47387.778 | F40: =+F41+F42 -> 50636.335 | G40: =+G41+G42 -> 28276.113 | H40: =+H41+H42 -> 9350.0313 | I40: =+I41+I42 -> 11798.535 | J40: =+J41+J42 -> 12116.977 | K40: =+K41+K42 -> 13609.727 | ... O40: =+O41+O42 -> 12598.862 | P40: =SUM(D40:O40) -> 255806.3
C41: COES | D41: 17903.533 | E41: 47387.778 | F41: 50636.335 | G41: 28276.113 | H41: 9350.0313 | I41: 11798.535 | J41: 12116.977 | K41: 13609.727 | L41: 12560.694 | M41: 18349.408 | N41: 21218.307 | O41: 12598.862 | P41: =SUM(D41:O41) -> 255806.3
C42: Electroperú (SWAP) | D42: 0 | E42: 0 | F42: 0 | G42: 0 | H42: 0 | I42: 0 | J42: 0 | K42: 0 | L42: 0 | M42: 0 | N42: 0 | P42: =SUM(D42:O42) -> 0
C43: A emp. Distribuidoras: | D43: =SUM(D44:D53) -> 61496.932 | E43: =SUM(E44:E53) -> 57056.193 | F43: =SUM(F44:F53) -> 60722.552 | G43: =SUM(G44:G53) -> 56068.513 | H43: =SUM(H44:H53) -> 55872.385 | I43: =SUM(I44:I53) -> 52363.767 | J43: =SUM(J44:J53) -> 53561.128 | K43: =SUM(K44:K53) -> 53947.275 | ... P43: =SUM(P44:P53) -> 670729.94
C44: Edelnor | D44: 12330.971 | E44: 11850.139 | F44: 12765.481 | G44: 11718.532 | H44: 11686.984 | I44: 11112.23 | J44: 11344.502 | K44: 11320.722 | L44: 11002.891 | M44: 11449.635 | N44: 11333.036 | O44: 11887.76 | P44: =SUM(D44:O44) -> 139802.88
C45: Luz del Sur | D45: 34799.556 | E45: 33692.989 | F45: 36001.954 | G45: 32883.017 | H45: 32283.16 | I45: 30637.989 | J45: 31423.29 | K45: 31595.432 | L45: 30469.563 | M45: 31409.56 | N45: 30891.405 | O45: 32319.661 | P45: =SUM(D45:O45) -> 388407.58
C46: Edecañete | D46: 622.65074 | E46: 601.5319 | F46: 648.62445 | G46: 589.21785 | H46: 558.39956 | I46: 524.88239 | J46: 539.81352 | K46: 534.82323 | L46: 521.43127 | M46: 545.09976 | N46: 528.20471 | O46: 582.74272 | P46: =SUM(D46:O46) -> 6797.4221
C47: Electrosur | D47: 1319.3452 | E47: 1196.4536 | F47: 1243.3733 | G47: 1185.9495 | H47: 1173.6348 | I47: 1150.2817 | J47: 1157.5527 | K47: 1155.5467 | L47: 1124.3564 | M47: 1191.425 | N47: 1178.0565 | O47: 1256.441 | P47: =SUM(D47:O47) -> 14332.416
C48: Electrosur Este | D48: 903.84364 | E48: 799.76357 | F48: 917.28017 | G48: 901.1808 | H48: 958.8757 | I48: 967.77861 | J48: 1020.3706 | K48: 1028.1029 | L48: 1027.9449 | M48: 1041.8714 | N48: 976.7496 | O48: 973.43679 | P48: =SUM(D48:O48) -> 11517.199
C49: Electropuno | D49: 761.56635 | E49: 743.46159 | F49: 777.40717 | G49: 793.10159 | H49: 814.37796 | I49: 841.5067 | J49: 898.80869 | K49: 868.10659 | L49: 860.81271 | M49: 893.26676 | N49: 825.29146 | O49: 857.9435 | P49: =SUM(D49:O49) -> 9935.6511
C50: Seal | D50: 1583.5546 | E50: 1426.7757 | F50: 1593.0615 | G50: 1529.7834 | H50: 1587.2915 | I50: 1512.8235 | J50: 1543.9998 | K50: 1532.658 | L50: 1511.9648 | M50: 1557.0549 | N50: 1521.5702 | O50: 1559.9053 | P50: =SUM(D50:O50) -> 18460.443
C51: Electro Oriente | D51: 1938.5491 | E51: 1691.5996 | F51: 1581.9253 | G51: 1543.8255 | H51: 1619.6753 | I51: 1456.7906 | J51: 1619.3817 | K51: 1968.4036 | L51: 1913.5004 | M51: 1931.7166 | N51: 1539.9775 | O51: 1818.833 | P51: =SUM(D51:O51) -> 20624.178
C52: Electro Dunas | D52: 49.14554 | E52: 43.03842 | F52: 52.5765 | G52: 53.21635 | H52: 57.39231 | I52: 55.4165 | J52: 56.68204 | K52: 54.23999 | L52: 54.70912 | M52: 55.89189 | N52: 53.78128 | O52: 53.54055 | P52: =SUM(D52:O52) -> 639.63049
C53: Coelvisac | D53: 7187.7495 | E53: 5010.4406 | F53: 5140.8684 | G53: 4870.689 | H53: 5132.5939 | I53: 4104.068 | J53: 3956.7261 | K53: 3889.2399 | L53: 4624.0542 | M53: 5036.7059 | N53: 5426.2336 | O53: 5833.1742 | P53: =SUM(D53:O53) -> 60212.543
C54: A clientes Libres | D54: =+SUM(D55:D61) -> 3707.0333 | E54: =+SUM(E55:E61) -> 3734.4988 | F54: =+SUM(F55:F61) -> 4399.0736 | G54: =+SUM(G55:G61) -> 4156.6443 | H54: =+SUM(H55:H61) -> 4516.0746 | I54: =+SUM(I55:I61) -> 4263.7387 | J54: =+SUM(J55:J61) -> 4125.2434 | K54: =+SUM(K55:K61) -> 3939.7036 | ... P54: =+SUM(P55:P61) -> 48377.976
C55: TISUR | D55: 1064.3709 | E55: 875.83039 | F55: 809.20313 | G55: 1018.017 | H55: 1178.9034 | I55: 1153.5776 | J55: 874.04074 | K55: 919.07189 | L55: 1005.3184 | M55: 1013.869 | N55: 1094.95 | O55: 1206.2321 | P55: =SUM(D55:O55) -> 12213.385
C56: MICHELL | D56: 1183.5015 | E56: 1320.5526 | F56: 1479.0415 | G56: 1174.7085 | H56: 1329.7346 | I56: 1245.7392 | J56: 1256.5352 | K56: 1072.6173 | L56: 940.31645 | M56: 999.23317 | N56: 1106.1064 | O56: 875.031 | P56: =SUM(D56:O56) -> 13983.118
C57: NATURGEN | D57: 224.46008 | E57: 209.18875 | F57: 228.60396 | G57: 212.95136 | H57: 212.91765 | I57: 202.52127 | J57: 249.31909 | K57: 216.46637 | L57: 213.12469 | M57: 233.16811 | N57: 227.69368 | O57: 231.13652 | P57: =SUM(D57:O57) -> 2661.5515
C58: INCALPACA | D58: 406.54125 | E58: 366.94499 | F58: 400.28145 | G58: 366.38505 | H58: 425.06235 | I58: 395.35286 | J58: 413.13617 | K58: 397.23631 | L58: 394.87679 | M58: 404.88916 | N58: 365.69131 | O58: 306.17158 | P58: =SUM(D58:O58) -> 4642.5693
C59: INCATOPS | D59: 828.15946 | E59: 827.14717 | F59: 1095.6531 | G59: 1056.1339 | H59: 1050.889 | I59: 936.16845 | J59: 908.64303 | K59: 892.27406 | L59: 822.03931 | M59: 833.8413 | N59: 775.89196 | O59: 723.41183 | P59: =SUM(D59:O59) -> 10750.253
C60: IBERICA | D60: 0 | E60: 134.83483 | F60: 148.12654 | G60: 140.6211 | H60: 155.92573 | I60: 149.68076 | J60: 169.419 | K60: 177.19055 | L60: 193.78855 | M60: 190.84012 | N60: 156.36074 | O60: 170.32734 | P60: =SUM(D60:O60) -> 1787.1153
C61: PAMPA BAJA | D61: 0 | E61: 0 | F61: 238.16393 | G61: 187.82736 | H61: 162.64188 | I61: 180.69855 | J61: 254.15017 | K61: 264.84717 | L61: 247.98432 | M61: 186.26291 | N61: 278.08485 | O61: 339.32371 | P61: =SUM(D61:O61) -> 2339.9848
D62: =+D33/D28 -> 0.0034208612 | E62: =+E33/E28 -> 0.0025837723 | F62: =+F33/F28 -> 0.002400077 | G62: =+G33/G28 -> 0.0035029546 | H62: =+H33/H28 -> 0.0040713696 | I62: =+I33/I28 -> 0.004237697 | J62: =+J33/J28 -> 0.0041837843 | K62: =+K33/K28 -> 0.0041984781 | ... O62: =+O33/O28 -> 0.004035634
C64: Fuente: COES - EGASA
D65: =D39-D40 -> 65203.965 | E65: =E39-E40 -> 60790.691 | F65: =F39-F40 -> 65121.626 | G65: =G39-G40 -> 60225.158 | H65: =H39-H40 -> 60388.459 | I65: =I39-I40 -> 56627.506 | J65: =J39-J40 -> 57686.371 | K65: =K39-K40 -> 57886.979 | ... O65: =O39-O40 -> 60995.072
D67: =+D38-D39 -> 0 | E67: =+E38-E39 -> 0 | F67: =+F38-F39 -> 0 | G67: =+G38-G39 -> 0 | H67: =+H38-H39 -> 0 | I67: =+I38-I39 -> 0 | J67: =+J38-J39 -> 0 | K67: =+K38-K39 -> 0 | ... O67: =+O38-O39 -> 0
D68: =+D67*0.4 -> 0 | E68: =+E67*0.4 -> 0 | F68: =+F67*0.4 -> 0 | G68: =+G67*0.4 -> 0 | H68: =+H67*0.4 -> 0 | I68: =+I67*0.4 -> 0 | J68: =+J67*0.4 -> 0 | K68: =+K67*0.4 -> 0 | ... O68: =+O67*0.4 -> 0
D69: =+D67*0.6 -> 0 | E69: =+E67*0.6 -> 0 | F69: =+F67*0.6 -> 0 | G69: =+G67*0.6 -> 0 | H69: =+H67*0.6 -> 0 | I69: =+I67*0.6 -> 0 | J69: =+J67*0.6 -> 0 | K69: =+K67*0.6 -> 0 | ... O69: =+O67*0.6 -> 0
D71: =+D54+D43 -> 65203.965 | E71: =+E54+E43 -> 60790.691 | F71: =+F54+F43 -> 65121.626 | G71: =+G54+G43 -> 60225.158 | H71: =+H54+H43 -> 60388.459 | I71: =+I54+I43 -> 56627.506 | J71: =+J54+J43 -> 57686.371 | K71: =+K54+K43 -> 57886.979 | ... O71: =+O54+O43 -> 60995.072

Sheet 2020
C3: PRODUCCIÓN MENSUAL DE ENERGÍA ELÉCTRICA EN EGASA
C4: AÑO 2017 (MWh)
C6: CENTRALES | D6: Enero | E6: Febrero | F6: Marzo | G6: Abril | H6: Mayo | I6: Junio | J6: Julio | K6: Agosto | L6: Septiembre | M6: Octubre | N6: Noviembre | O6: Diciembre | P6: Acumulado
C7: Hidráulica
C8: Charcani I | D8: 1131.6971 | P8: =+SUM(D8:O8) -> 1131.6971
C9: Charcani II | D9: 404.73452 | P9: =+SUM(D9:O9) -> 404.73452
C10: Charcani III | D10: 3164.3521 | P10: =+SUM(D10:O10) -> 3164.3521
C11: Charcani IV | D11: 7358.1597 | P11: =+SUM(D11:O11) -> 7358.1597
C12: Charcani V | D12: 44993.963 | P12: =+SUM(D12:O12) -> 44993.963
C13: Charcani VI | D13: 4089.3769 | P13: =+SUM(D13:O13) -> 4089.3769
C14: Total Hidraúlica | D14: =SUM(D8:D13) -> 61142.283 | E14: =SUM(E8:E13) -> 0 | F14: =SUM(F8:F13) -> 0 | G14: =SUM(G8:G13) -> 0 | H14: =SUM(H8:H13) -> 0 | I14: =SUM(I8:I13) -> 0 | J14: =SUM(J8:J13) -> 0 | K14: =SUM(K8:K13) -> 0 | ... O14: =SUM(O8:O13) -> 0 | P14: =+SUM(D14:O14) -> 61142.283
C15: Térmica
C16: T.Vapor | D16: 0 | P16: =+SUM(D16:O16) -> 0
C17: T.G.-Ciclo Combinado | D17: 11.521423 | P17: =+SUM(D17:O17) -> 11.521423
C18: Sulzers | D18: 701.38252 | P18: =+SUM(D18:O18) -> 701.38252
C19: C.T. Mollendo | D19: 1338.8287 | P19: =+SUM(D19:O19) -> 1338.8287
C20: C.T. Pisco | D20: 35832.495 | P20: =+SUM(D20:O20) -> 35832.495
C21: Total Térmica | D21: =SUM(D16:D20) -> 37884.227 | E21: =SUM(E16:E20) -> 0 | F21: =SUM(F16:F20) -> 0 | G21: =SUM(G16:G20) -> 0 | H21: =SUM(H16:H20) -> 0 | I21: =SUM(I16:I20) -> 0 | J21: =SUM(J16:J20) -> 0 | K21: =SUM(K16:K20) -> 0 | ... O21: =SUM(O16:O20) -> 0 | P21: =+SUM(D21:O21) -> 37884.227
C22: TOTAL EGASA | D22: =+D14+D21 -> 99026.51 | E22: =+E14+E21 -> 0 | F22: =+F14+F21 -> 0 | G22: =+G14+G21 -> 0 | H22: =+H14+H21 -> 0 | I22: =+I14+I21 -> 0 | J22: =+J14+J21 -> 0 | K22: =+K14+K21 -> 0 | ... O22: =+O14+O21 -> 0 | P22: =+SUM(D22:O22) -> 99026.51
Q23: 1000
C24: BALANCE DE ENERGÍA EN MWh - AÑO 2020
C26: DESCRIPCIÓN | D26: Enero | E26: Febrero | F26: Marzo | G26: Abril | H26: Mayo | I26: Junio | J26: Julio | K26: Agosto | L26: Septiembre | M26: Octubre | N26: Noviembre | O26: Diciembre | P26: Acumulado | Q26: 1000
C27: Energía producida | D27: =+D28+D29 -> 92857.777 | E27: =+E28+E29 -> 102484.09 | F27: =+F28+F29 -> 126779.93 | G27: =+G28+G29 -> 104875.22 | H27: =+H28+H29 -> 73281.987 | I27: =+I28+I29 -> 70159.468 | J27: =+J28+J29 -> 72200.469 | K27: =+K28+K29 -> 72097.473 | ... O27: =+O28+O29 -> 82686.959 | P27: =SUM(D27:O27) -> 1023952.6
C28: Hidroeléctrica | D28: 92836.625 | E28: 102442.22 | F28: 126779 | G28: 104873.41 | H28: 73278.572 | I28: 70157.801 | J28: 72196.913 | K28: 72095.727 | L28: 73550.317 | M28: 78229.384 | N28: 74624.333 | O28: 82658.822 | P28: =SUM(D28:O28) -> 1023723.1
C29: Termoeléctrica | D29: 21.151363 | E29: 41.879473 | F29: 0.93851548 | G29: 1.8146384 | H29: 3.4152294 | I29: 1.6673937 | J29: 3.5564135 | K29: 1.7456692 | L29: 23.777643 | M29: 50.988185 | N29: 50.404546 | O29: 28.137405 | P29: =SUM(D29:O29) -> 229.47648
C30: Compra de energía | D30: =+D31 -> 0 | E30: =+E31 -> 0 | F30: =+F31 -> 0 | G30: =+G31 -> 0 | H30: =+H31 -> 0 | I30: =+I31 -> 0 | J30: =+J31 -> 0 | K30: =+K31 -> 32572.822 | ... O30: =+O31 -> 0 | P30: =SUM(D30:O30) -> 32572.822
C31: COES | D31: 0 | E31: 0 | F31: 0 | G31: 0 | H31: 0 | I31: 0 | K31: 32572.822 | L31: 0 | M31: 0 | N31: 0 | P31: =SUM(D31:O31) -> 32572.822
C32: Consumo propio de centrales | D32: =+D33+D34 -> 322.81553 | E32: =+E33+E34 -> 315.22511 | F32: =+F33+F34 -> 352.64487 | G32: =+G33+G34 -> 317.29171 | H32: =+H33+H34 -> 310.66656 | I32: =+I33+I34 -> 298.06516 | J32: =+J33+J34 -> 313.6266 | K32: =+K33+K34 -> 302.80876 | ... O32: =+O33+O34 -> 314.82173 | P32: =SUM(D32:O32) -> 3752.5151
C33: Hidroeléctrica | D33: 320.85607 | E33: 312.97738 | F33: 352.50086 | G33: 317.07148 | H33: 310.27672 | I33: 297.90985 | J33: 313.05756 | K33: 302.71555 | L33: 296.91128 | M33: 309.21771 | N33: 294.28988 | O33: 312.88989 | P33: =SUM(D33:O33) -> 3740.6742 | Q33: =+P33/12 -> 311.72285
C34: Termoeléctrica | D34: 1.9594552 | E34: 2.2477305 | F34: 0.14400909 | G34: 0.22023869 | H34: 0.38983769 | I34: 0.15530519 | J34: 0.56903697 | K34: 0.093205764 | L34: 1.1585818 | M34: 1.5885401 | N34: 1.3831093 | O34: 1.9318363 | P34: =SUM(D34:O34) -> 11.840887 | Q34: =+P34/12 -> 0.98674056
C35: Pérdidas Sistemas Transmisión | D35: =+D36+D37 -> 1399.1371 | E35: =+E36+E37 -> 1412.0079 | F35: =+F36+F37 -> 1732.1088 | G35: =+G36+G37 -> 1476.0585 | H35: =+H36+H37 -> 1202.4578 | I35: =+I36+I37 -> 1136.7151 | J35: =+J36+J37 -> 1147.4329 | K35: =+K36+K37 -> 1135.2848 | ... O35: =+O36+O37 -> 1031.8897 | P35: =SUM(D35:O35) -> 15218.913
C36: En muy alta tensión | D36: 559.65485 | E36: 564.80315 | F36: 692.84353 | G36: 590.42339 | H36: 480.98314 | I36: 454.68605 | J36: 458.97317 | K36: 454.11393 | L36: 478.22909 | M36: 496.22709 | N36: 443.87184 | O36: 412.75586 | P36: =SUM(D36:O36) -> 6087.5651
C37: En alta tensión | D37: 839.48228 | E37: 847.20472 | F37: 1039.2653 | G37: 885.63509 | H37: 721.4747 | I37: 682.02908 | J37: 688.45975 | K37: 681.1709 | L37: 717.34363 | M37: 744.34064 | N37: 665.80776 | O37: 619.13379 | P37: =SUM(D37:O37) -> 9131.3476
C38: Energía total disponible | D38: =+D27+D30-D32-D35 -> 91135.824 | E38: =+E27+E30-E32-E35 -> 100756.86 | F38: =+F27+F30-F32-F35 -> 124695.18 | G38: =+G27+G30-G32-G35 -> 103081.87 | H38: =+H27+H30-H32-H35 -> 71768.863 | I38: =+I27+I30-I32-I35 -> 68724.688 | J38: =+J27+J30-J32-J35 -> 70739.41 | K38: =+K27+K30-K32-K35 -> 103232.2 | ... O38: =+O27+O30-O32-O35 -> 81340.248 | P38: =SUM(D38:O38) -> 1037554
C39: Venta de energía | D39: =+D40+D43+D55 -> 91135.824 | E39: =+E40+E43+E55 -> 100756.86 | F39: =+F40+F43+F55 -> 124695.18 | G39: =+G40+G43+G55 -> 103081.87 | H39: =+H40+H43+H55 -> 71768.863 | I39: =+I40+I43+I55 -> 68724.688 | J39: =+J40+J43+J55 -> 70739.41 | K39: =+K40+K43+K55 -> 103232.2 | ... O39: =+O40+O43+O55 -> 81340.248 | P39: =SUM(D39:O39) -> 1037554
C40: A Emp. Generadoras | D40: =+D41+D42 -> 28392.408 | E40: =+E41+E42 -> 39655.692 | F40: =+F41+F42 -> 66682.43 | G40: =+G41+G42 -> 55410.09 | H40: =+H41+H42 -> 21564.182 | I40: =+I41+I42 -> 17650.363 | J40: =+J41+J42 -> 16704.738 | K40: =+K41+K42 -> 48643.782 | ... O40: =+O41+O42 -> 21293.727 | P40: =SUM(D40:O40) -> 368714.58
C41: COES | D41: 28392.408 | E41: 39655.692 | F41: 66682.43 | G41: 55410.09 | H41: 21564.182 | I41: 17650.363 | J41: 16704.738 | K41: 48643.782 | L41: 17827.456 | M41: 19010.821 | N41: 15878.893 | O41: 21293.727 | P41: =SUM(D41:O41) -> 368714.58
C42: Electroperú (SWAP) | D42: 0 | E42: 0 | F42: 0 | G42: 0 | H42: 0 | I42: 0 | J42: 0 | K42: 0 | L42: 0 | M42: 0 | N42: 0 | P42: =SUM(D42:O42) -> 0
C43: A emp. Distribuidoras: | D43: =SUM(D44:D54) -> 58804.167 | E43: =SUM(E44:E54) -> 56242.479 | F43: =SUM(F44:F54) -> 54750.569 | G43: =SUM(G44:G54) -> 46351.274 | H43: =SUM(H44:H54) -> 47498.146 | I43: =SUM(I44:I54) -> 46405.965 | J43: =SUM(J44:J54) -> 49198.436 | K43: =SUM(K44:K54) -> 49986.017 | ... P43: =SUM(P44:P54) -> 619168.44
C44: Edelnor | D44: 12342.276 | E44: 11997.735 | F44: 11821.794 | G44: 9953.8959 | H44: 10247.131 | I44: 10280.963 | J44: 10847.548 | K44: 10920.825 | L44: 10800.264 | M44: 11247.041 | N44: 10960.757 | O44: 11561.157 | P44: =SUM(D44:O44) -> 132981.39
C45: Luz del Sur | D45: 33943.878 | E45: 33095.968 | F45: 31905.2 | G45: 25889.502 | H45: 26598.394 | I45: 26870.396 | J45: 28864.725 | K45: 29037.652 | L45: 28319.412 | M45: 29376.751 | N45: 28422.498 | O45: 29706.917 | P45: =SUM(D45:O45) -> 352031.29 | R45: =+O45+O46 -> 30297.904
C46: Edecañete | D46: 615.6015 | E46: 594.42335 | F46: 618.64903 | G46: 554.01345 | H46: 547.81225 | I46: 524.82471 | J46: 544.11794 | K46: 551.68175 | L46: 523.2643 | M46: 564.22035 | N46: 549.50721 | O46: 590.9868 | P46: =SUM(D46:O46) -> 6779.1026
C47: Electrosur | D47: 1290.117 | E47: 1217.6574 | F47: 1216.9078 | G47: 1065.8568 | H47: 1067.07 | I47: 1037.2767 | J47: 1096.5521 | K47: 1113.727 | L47: 1089.1475 | M47: 1153.251 | N47: 1125.5972 | O47: 1221.7272 | P47: =SUM(D47:O47) -> 13694.888
C48: Electro Sur Este | D48: 927.90904 | E48: 864.1883 | F48: 846.96972 | G48: 716.07745 | H48: 753.9948 | I48: 787.43649 | J48: 871.12733 | K48: 909.28703 | L48: 924.79617 | M48: 986.27642 | N48: 971.63302 | O48: 982.80043 | P48: =SUM(D48:O48) -> 10542.496
C49: Electropuno | D49: 797.62724 | E49: 771.91993 | F49: 722.38587 | G49: 611.69853 | H49: 647.96726 | I49: 670.79826 | J49: 767.37505 | K49: 802.87052 | L49: 803.30158 | M49: 852.62058 | N49: 808.75493 | O49: 852.65781 | P49: =SUM(D49:O49) -> 9109.9776
C50: Seal | D50: 1496.725 | E50: 1399.2764 | F50: 1420.3128 | G50: 1267.3679 | H50: 1326.0986 | I50: 1309.5948 | J50: 1368.2172 | K50: 1356.4226 | L50: 1358.5513 | M50: 1419.6166 | N50: 1404.5517 | O50: 1478.086 | P50: =SUM(D50:O50) -> 16604.821
C51: Electro Oriente | D51: 2150.5957 | E51: 2096.8347 | F51: 1770.708 | G51: 1967.5495 | H51: 2100.2289 | I51: 1467.723 | J51: 1401.6474 | K51: 1361.2617 | L51: 1419.8039 | M51: 1748.6208 | N51: 1936.4579 | O51: 1723.4871 | P51: =SUM(D51:O51) -> 21144.919 | R51: =+O53+O54 -> 6693.9412
C52: Electro Dunas | D52: 49.24674 | E52: 49.50995 | F52: 52.18179 | G52: 52.16899 | H52: 54.04429 | I52: 53.02175 | J52: 55.17907 | K52: 56.2883 | L52: 53.62331 | M52: 57.47765 | N52: 56.51805 | O52: 59.31901 | P52: =SUM(D52:O52) -> 648.5789
C53: Coelvisac (Bolsa 1) | D53: 5190.1906 | E53: 4154.9662 | F53: 4375.4603 | G53: 4273.1427 | H53: 4155.4061 | I53: 3403.9302 | J53: 3381.9474 | K53: 3710.8112 | L53: 3616.7767 | M53: 4468.8763 | N53: 4543.5504 | O53: 4457.0614 | P53: =SUM(D53:O53) -> 49732.12
C54: Coelvisac (Bolsa 2) | K54: 165.18993 | L54: 656.81582 | M54: 1075.4187 | N54: 1764.5558 | O54: 2236.8798 | P54: =SUM(D54:O54) -> 5898.8601
C55: A clientes Libres | D55: =+SUM(D56:D64) -> 3939.2484 | E55: =+SUM(E56:E64) -> 4858.6908 | F55: =+SUM(F56:F64) -> 3262.1814 | G55: =+SUM(G56:G64) -> 1320.506 | H55: =+SUM(H56:H64) -> 2706.5341 | I55: =+SUM(I56:I64) -> 4668.3601 | J55: =+SUM(J56:J64) -> 4836.2355 | K55: =+SUM(K56:K64) -> 4602.4021 | ... P55: =+SUM(P56:P64) -> 49670.957
C56: TISUR | D56: 0 | E56: 1065.7074 | F56: 952.00068 | G56: 686.54157 | H56: 917.00717 | I56: 943.65329 | J56: 943.27651 | K56: 918.74661 | L56: 955.63282 | M56: 962.31042 | N56: 1027.229 | O56: 1115.4138 | P56: =SUM(D56:O56) -> 10487.519
C57: MICHELL | D57: 1108.2327 | E57: 1051.37 | F57: 563.54767 | G57: 51.97584 | H57: 634.53524 | I57: 1112.9523 | J57: 1188.351 | K57: 1093.4357 | L57: 1067.4296 | M57: 1044.8388 | N57: 1090.7114 | O57: 1157.2496 | P57: =SUM(D57:O57) -> 11164.63
C58: NATURGEN | D58: 240.55327 | E58: 235.34828 | F58: 228.66031 | G58: 214.01281 | H58: 222.59485 | I58: 214.79728 | J58: 220.58414 | K58: 216.29196 | L58: 231.30397 | M58: 226.49686 | N58: 203.74715 | O58: 199.00378 | P58: =SUM(D58:O58) -> 2653.3947
C59: INCALPACA | D59: 288.39271 | E59: 297.96697 | F59: 164.91093 | G59: 41.63022 | H59: 167.67451 | I59: 312.83547 | J59: 300.94707 | K59: 238.28548 | L59: 194.28212 | M59: 206.98688 | N59: 206.96994 | O59: 185.37207 | P59: =SUM(D59:O59) -> 2606.2544
C60: INCATOPS | D60: 735.3828 | E60: 730.26268 | F60: 385.1733 | G60: 37.28046 | H60: 343.54082 | I60: 769.34595 | J60: 807.34119 | K60: 741.70638 | L60: 827.30802 | M60: 912.5003 | N60: 843.05301 | O60: 821.53577 | P60: =SUM(D60:O60) -> 7954.4307
C61: IBERICA | D61: 147.33612 | E61: 122.30699 | F61: 93.33184 | G61: 70.67509 | H61: 65.44852 | I61: 88.08594 | J61: 123.48176 | K61: 131.49964 | L61: 138.03788 | M61: 122.64675 | N61: 119.95191 | O61: 124.68204 | P61: =SUM(D61:O61) -> 1347.4845
C62: PAMPABAJA | D62: 362.12588 | E62: 335.4237 | F62: 303.92642 | G62: 197.38598 | H62: 169.48217 | I62: 228.53403 | J62: 241.30018 | K62: 214.03943 | L62: 183.28613 | M62: 161.25069 | N62: 233.41507 | O62: 417.66926 | P62: =SUM(D62:O62) -> 3047.8389
C63: LADRILLERA DIAMANTE | D63: 920.08638 | E63: 871.24304 | F63: 483.33505 | G63: 16.41541 | H63: 130.55872 | I63: 893.22825 | J63: 896.48324 | K63: 897.32378 | L63: 947.03489 | M63: 967.28859 | N63: 934.92162 | O63: 953.45194 | P63: =SUM(D63:O63) -> 8911.3709
C64: ROCATECH | D64: 137.13856 | E64: 149.06175 | F64: 87.29521 | G64: 4.5886 | H64: 55.69212 | I64: 104.92761 | J64: 114.47041 | K64: 151.07307 | L64: 142.92426 | M64: 163.68801 | N64: 186.11106 | O64: 201.06338 | P64: =SUM(D64:O64) -> 1498.034
D65: =+D33/D28 -> 0.0034561367 | E65: =+E33/E28 -> 0.0030551602 | F65: =+F33/F28 -> 0.0027804358 | G65: =+G33/G28 -> 0.0030233735 | H65: =+H33/H28 -> 0.0042342081 | I65: =+I33/I28 -> 0.0042462826 | J65: =+J33/J28 -> 0.0043361627 | K65: =+K33/K28 -> 0.0041988002 | ... O65: =+O33/O28 -> 0.0037853175
C67: Fuente: COES - EGASA
D68: =D39-D40 -> 62743.416 | E68: =E39-E40 -> 61101.17 | F68: =F39-F40 -> 58012.751 | G68: =G39-G40 -> 47671.78 | H68: =H39-H40 -> 50204.681 | I68: =I39-I40 -> 51074.325 | J68: =J39-J40 -> 54034.671 | K68: =K39-K40 -> 54588.419 | ... O68: =O39-O40 -> 60046.521
D70: =+D38-D39 -> 0 | E70: =+E38-E39 -> 0 | F70: =+F38-F39 -> 0 | G70: =+G38-G39 -> 0 | H70: =+H38-H39 -> 0 | I70: =+I38-I39 -> 0 | J70: =+J38-J39 -> 0 | K70: =+K38-K39 -> 0 | ... O70: =+O38-O39 -> 0
D71: =+D70*0.4 -> 0 | E71: =+E70*0.4 -> 0 | F71: =+F70*0.4 -> 0 | G71: =+G70*0.4 -> 0 | H71: =+H70*0.4 -> 0 | I71: =+I70*0.4 -> 0 | J71: =+J70*0.4 -> 0 | K71: =+K70*0.4 -> 0 | ... O71: =+O70*0.4 -> 0
D72: =+D70*0.6 -> 0 | E72: =+E70*0.6 -> 0 | F72: =+F70*0.6 -> 0 | G72: =+G70*0.6 -> 0 | H72: =+H70*0.6 -> 0 | I72: =+I70*0.6 -> 0 | J72: =+J70*0.6 -> 0 | K72: =+K70*0.6 -> 0 | ... O72: =+O70*0.6 -> 0
D74: =D35/D27 -> 0.015067528 | E74: =E35/E27 -> 0.013777824 | F74: =F35/F27 -> 0.013662326 | G74: =G35/G27 -> 0.014074426 | H74: =H35/H27 -> 0.016408641 | I74: =I35/I27 -> 0.016201878 | J74: =J35/J27 -> 0.015892319 | K74: =K35/K27 -> 0.015746527 | ... O74: =O35/O27 -> 0.012479473

Sheet 2020 R1
C3: PRODUCCIÓN MENSUAL DE ENERGÍA ELÉCTRICA EN EGASA
C4: AÑO 2017 (MWh)
C6: CENTRALES | D6: Enero | E6: Febrero | F6: Marzo | G6: Abril | H6: Mayo | I6: Junio | J6: Julio | K6: Agosto | L6: Septiembre | M6: Octubre | N6: Noviembre | O6: Diciembre | P6: Acumulado
C7: Hidráulica
C8: Charcani I | D8: 1225.927 | E8: 1100.2485 | F8: 1199.4271 | G8: 707.3079 | H8: 1055.3095 | I8: 1187.7418 | J8: 1004.2177 | K8: 1206.8928 | L8: 1111.4835 | M8: 1169.0798 | N8: 1172.7717 | O8: 1201.6393 | P8: =+SUM(D8:O8) -> 13342.047
C9: Charcani II | D9: 429.30329 | E9: 303.46961 | F9: 409.99535 | G9: 238.45528 | H9: 336.58094 | I9: 403.42692 | J9: 412.1855 | K9: 420.12018 | L9: 395.99462 | M9: 392.21373 | N9: 409.39118 | O9: 418.94184 | P9: =+SUM(D9:O9) -> 4570.0784
C10: Charcani III | D10: 3463.0213 | E10: 3168.7688 | F10: 3495.41 | G10: 3328.6705 | H10: 3428.6704 | I10: 3248.2484 | J10: 3450.9502 | K10: 3394.3048 | L10: 3296.304 | M10: 3428.5034 | N10: 3348.2044 | O10: 3394.4808 | P10: =+SUM(D10:O10) -> 40445.537
C11: Charcani IV | D11: 10307.391 | E11: 9560.9042 | F11: 10412.751 | G11: 9980.5389 | H11: 8870.0677 | I11: 8525.998 | J11: 8895.0826 | K11: 8748.5141 | L11: 8840.9317 | M11: 9451.2798 | N11: 8938.9967 | O11: 9403.9944 | P11: =+SUM(D11:O11) -> 111936.45
C12: Charcani V | D12: 72064.965 | E12: 83210.97 | F12: 104794.89 | G12: 84501.596 | H12: 54284.204 | I12: 51697.414 | J12: 53421.481 | K12: 53418.251 | L12: 54712.471 | M12: 58131.604 | N12: 55439.239 | O12: 62464.398 | P12: =+SUM(D12:O12) -> 788141.48
C13: Charcani VI | D13: 5346.0183 | E13: 5097.8547 | F13: 6466.5226 | G13: 6116.8365 | H13: 5303.7394 | I13: 5094.9714 | J13: 5012.9955 | K13: 4907.6445 | L13: 5193.1321 | M13: 5656.7035 | N13: 5315.7296 | O13: 5775.3671 | P13: =+SUM(D13:O13) -> 65287.515
C14: Total Hidraúlica | D14: =SUM(D8:D13) -> 92836.625 | E14: =SUM(E8:E13) -> 102442.22 | F14: =SUM(F8:F13) -> 126779 | G14: =SUM(G8:G13) -> 104873.41 | H14: =SUM(H8:H13) -> 73278.572 | I14: =SUM(I8:I13) -> 70157.801 | J14: =SUM(J8:J13) -> 72196.913 | K14: =SUM(K8:K13) -> 72095.727 | ... O14: =SUM(O8:O13) -> 82658.822 | P14: =+SUM(D14:O14) -> 1023723.1
C15: Térmica
C16: T.Vapor | D16: 0 | E16: 0 | F16: 0 | G16: 0 | H16: 0 | I16: 0 | J16: 0 | K16: 0 | L16: 0 | M16: 0 | N16: 0 | O16: 0 | P16: =+SUM(D16:O16) -> 0
C17: T.G.-Ciclo Combinado | D17: 0.41647253 | E17: 8.1636456 | F17: 0 | G17: 0.31892609 | H17: 0 | I17: 1.0249067 | J17: 0 | K17: 1.1803148 | L17: 0 | M17: 25.103628 | N17: 27.669575 | O17: 1.5307389 | P17: =+SUM(D17:O17) -> 65.408207
C18: Sulzers | D18: 14.40609 | E18: 13.312516 | F18: 0 | G18: 0.54511176 | H18: 0 | I18: 0.64248706 | J18: 0 | K18: 0.56535441 | L18: 0 | M18: 5.2870844 | N18: 0.60439826 | O18: 2.8432527 | P18: =+SUM(D18:O18) -> 38.206294
C19: C.T. Mollendo | D19: 6.3288012 | E19: 20.403312 | F19: 0.93851548 | G19: 0.95060052 | H19: 3.4152294 | I19: 0 | J19: 3.5564135 | K19: 0 | L19: 23.777643 | M19: 20.597473 | N19: 22.130573 | O19: 23.763414 | P19: =+SUM(D19:O19) -> 125.86198
C20: C.T. Pisco | D20: 0 | E20: 0 | F20: 0 | G20: 0 | H20: 0 | I20: 0 | J20: 0 | K20: 0 | L20: 0 | M20: 0 | N20: 0 | O20: 0 | P20: =+SUM(D20:O20) -> 0
C21: Total Térmica | D21: =SUM(D16:D20) -> 21.151363 | E21: =SUM(E16:E20) -> 41.879473 | F21: =SUM(F16:F20) -> 0.93851548 | G21: =SUM(G16:G20) -> 1.8146384 | H21: =SUM(H16:H20) -> 3.4152294 | I21: =SUM(I16:I20) -> 1.6673937 | J21: =SUM(J16:J20) -> 3.5564135 | K21: =SUM(K16:K20) -> 1.7456692 | ... O21: =SUM(O16:O20) -> 28.137405 | P21: =+SUM(D21:O21) -> 229.47648
C22: TOTAL EGASA | D22: =+D14+D21 -> 92857.777 | E22: =+E14+E21 -> 102484.09 | F22: =+F14+F21 -> 126779.93 | G22: =+G14+G21 -> 104875.22 | H22: =+H14+H21 -> 73281.987 | I22: =+I14+I21 -> 70159.468 | J22: =+J14+J21 -> 72200.469 | K22: =+K14+K21 -> 72097.473 | ... O22: =+O14+O21 -> 82686.959 | P22: =+SUM(D22:O22) -> 1023952.6
C24: BALANCE DE ENERGÍA EN MWh - AÑO 2020
C26: DESCRIPCIÓN | D26: Enero | E26: Febrero | F26: Marzo | G26: Abril | H26: Mayo | I26: Junio | J26: Julio | K26: Agosto | L26: Septiembre | M26: Octubre | N26: Noviembre | O26: Diciembre | P26: Acumulado
C27: Energía producida | D27: =+D28+D29 -> 92857.777 | E27: =+E28+E29 -> 102484.09 | F27: =+F28+F29 -> 126779.93 | G27: =+G28+G29 -> 104875.22 | H27: =+H28+H29 -> 73281.987 | I27: =+I28+I29 -> 70159.468 | J27: =+J28+J29 -> 72200.469 | K27: =+K28+K29 -> 72097.473 | ... O27: =+O28+O29 -> 82686.959 | P27: =SUM(D27:O27) -> 1023952.6
C28: Hidroeléctrica | D28: =+D14 -> 92836.625 | E28: =+E14 -> 102442.22 | F28: =+F14 -> 126779 | G28: =+G14 -> 104873.41 | H28: =+H14 -> 73278.572 | I28: =+I14 -> 70157.801 | J28: =+J14 -> 72196.913 | K28: =+K14 -> 72095.727 | ... O28: =+O14 -> 82658.822 | P28: =SUM(D28:O28) -> 1023723.1
C29: Termoeléctrica | D29: =+D21 -> 21.151363 | E29: =+E21 -> 41.879473 | F29: =+F21 -> 0.93851548 | G29: =+G21 -> 1.8146384 | H29: =+H21 -> 3.4152294 | I29: =+I21 -> 1.6673937 | J29: =+J21 -> 3.5564135 | K29: =+K21 -> 1.7456692 | ... O29: =+O21 -> 28.137405 | P29: =SUM(D29:O29) -> 229.47648
C30: Compra de energía | D30: =+D31 -> 0 | E30: =+E31 -> 0 | F30: =+F31 -> 0 | G30: =+G31 -> 0 | H30: =+H31 -> 0 | I30: =+I31 -> 0 | J30: =+J31 -> 0 | K30: =+K31 -> 32572.822 | ... O30: =+O31 -> 0 | P30: =SUM(D30:O30) -> 32572.822
C31: COES | D31: 0 | E31: 0 | F31: 0 | G31: 0 | H31: 0 | I31: 0 | K31: 32572.822 | L31: 0 | M31: 0 | N31: 0 | P31: =SUM(D31:O31) -> 32572.822
C32: Consumo propio de centrales | D32: =+D33+D34 -> 322.81553 | E32: =+E33+E34 -> 315.22511 | F32: =+F33+F34 -> 352.64487 | G32: =+G33+G34 -> 317.29171 | H32: =+H33+H34 -> 310.66656 | I32: =+I33+I34 -> 298.06516 | J32: =+J33+J34 -> 313.6266 | K32: =+K33+K34 -> 302.80876 | ... O32: =+O33+O34 -> 314.82173 | P32: =SUM(D32:O32) -> 3752.5151
C33: Hidroeléctrica | D33: 320.85607 | E33: 312.97738 | F33: 352.50086 | G33: 317.07148 | H33: 310.27672 | I33: 297.90985 | J33: 313.05756 | K33: 302.71555 | L33: 296.91128 | M33: 309.21771 | N33: 294.28988 | O33: 312.88989 | P33: =SUM(D33:O33) -> 3740.6742
C34: Termoeléctrica | D34: 1.9594552 | E34: 2.2477305 | F34: 0.14400909 | G34: 0.22023869 | H34: 0.38983769 | I34: 0.15530519 | J34: 0.56903697 | K34: 0.093205764 | L34: 1.1585818 | M34: 1.5885401 | N34: 1.3831093 | O34: 1.9318363 | P34: =SUM(D34:O34) -> 11.840887
C35: Pérdidas Sistemas Transmisión | D35: =+D36+D37 -> 1401.7099 | E35: =+E36+E37 -> 1412.0107 | F35: =+F36+F37 -> 1702.1901 | G35: =+G36+G37 -> 1476.0585 | H35: =+H36+H37 -> 1202.6776 | I35: =+I36+I37 -> 1136.703 | J35: =+J36+J37 -> 1147.4316 | K35: =+K36+K37 -> 1168.1552 | ... O35: =+O36+O37 -> 1257.2064 | P35: =SUM(D35:O35) -> 15449.46
C36: En muy alta tensión | D36: 560.68397 | E36: 564.80429 | F36: 680.87604 | G36: 590.42339 | H36: 481.07105 | I36: 454.68121 | J36: 458.97265 | K36: 467.26207 | L36: 478.02779 | M36: 496.22709 | N36: 443.87184 | O36: 502.88255 | P36: =SUM(D36:O36) -> 6179.784
C37: En alta tensión | D37: 841.02596 | E37: 847.20644 | F37: 1021.3141 | G37: 885.63509 | H37: 721.60658 | I37: 682.02181 | J37: 688.45898 | K37: 700.89311 | L37: 717.04169 | M37: 744.34064 | N37: 665.80776 | O37: 754.32382 | P37: =SUM(D37:O37) -> 9269.6759
C38: Energía total disponible | D38: =+D27+D30-D32-D35 -> 91133.251 | E38: =+E27+E30-E32-E35 -> 100756.86 | F38: =+F27+F30-F32-F35 -> 124725.1 | G38: =+G27+G30-G32-G35 -> 103081.87 | H38: =+H27+H30-H32-H35 -> 71768.643 | I38: =+I27+I30-I32-I35 -> 68724.7 | J38: =+J27+J30-J32-J35 -> 70739.411 | K38: =+K27+K30-K32-K35 -> 103199.33 | ... O38: =+O27+O30-O32-O35 -> 81114.931 | P38: =SUM(D38:O38) -> 1037323.4
C39: Venta de energía | D39: =+D40+D43+D55 -> 91133.251 | E39: =+E40+E43+E55 -> 100756.86 | F39: =+F40+F43+F55 -> 124725.1 | G39: =+G40+G43+G55 -> 103081.87 | H39: =+H40+H43+H55 -> 71768.643 | I39: =+I40+I43+I55 -> 68724.7 | J39: =+J40+J43+J55 -> 70739.411 | K39: =+K40+K43+K55 -> 103199.33 | ... O39: =+O40+O43+O55 -> 81114.931 | P39: =SUM(D39:O39) -> 1037323.4
C40: A Emp. Generadoras | D40: =+D41+D42 -> 28392.408 | E40: =+E41+E42 -> 39655.692 | F40: =+F41+F42 -> 66682.43 | G40: =+G41+G42 -> 55410.09 | H40: =+H41+H42 -> 21564.182 | I40: =+I41+I42 -> 17650.363 | J40: =+J41+J42 -> 16704.738 | K40: =+K41+K42 -> 48609.565 | ... O40: =+O41+O42 -> 21068.007 | P40: =SUM(D40:O40) -> 368454.65
C41: COES | D41: 28392.408 | E41: 39655.692 | F41: 66682.43 | G41: 55410.09 | H41: 21564.182 | I41: 17650.363 | J41: 16704.738 | K41: 48609.565 | L41: 17827.456 | M41: 19010.821 | N41: 15878.893 | O41: 21068.007 | P41: =SUM(D41:O41) -> 368454.65
C42: Electroperú (SWAP) | D42: 0 | E42: 0 | F42: 0 | G42: 0 | H42: 0 | I42: 0 | J42: 0 | K42: 0 | L42: 0 | M42: 0 | N42: 0 | P42: =SUM(D42:O42) -> 0
C43: A emp. Distribuidoras: | D43: =SUM(D44:D54) -> 58801.594 | E43: =SUM(E44:E54) -> 56242.476 | F43: =SUM(F44:F54) -> 54780.488 | G43: =SUM(G44:G54) -> 46351.274 | H43: =SUM(H44:H54) -> 47497.927 | I43: =SUM(I44:I54) -> 46405.977 | J43: =SUM(J44:J54) -> 49198.437 | K43: =SUM(K44:K54) -> 49987.363 | ... P43: =SUM(P44:P54) -> 619197.83
C44: Edelnor | D44: 12339.704 | E44: 11997.735 | F44: 11846.077 | G44: 9953.8959 | H44: 10247.131 | I44: 10280.963 | J44: 10847.548 | K44: 10920.466 | L44: 10800.264 | M44: 11247.041 | N44: 10960.757 | O44: 11561.157 | P44: =SUM(D44:O44) -> 133002.74
C45: Luz del Sur | D45: 33943.878 | E45: 33095.968 | F45: 31905.2 | G45: 25889.502 | H45: 26598.394 | I45: 26870.396 | J45: 28864.725 | K45: 29039.357 | L45: 28319.412 | M45: 29376.751 | N45: 28422.498 | O45: 29706.917 | P45: =SUM(D45:O45) -> 352033
C46: Edecañete | D46: 615.6015 | E46: 594.42335 | F46: 618.64903 | G46: 554.01345 | H46: 547.81225 | I46: =+I95 -> 524.82471 | J46: =+J95 -> 544.11794 | K46: =+K95 -> 551.68175 | L46: =+L95 -> 523.2643 | M46: =+M95 -> 564.22035 | N46: =+N95 -> 549.50721 | O46: =+O95 -> 590.9868 | P46: =SUM(D46:O46) -> 6779.1026
C47: Electrosur | D47: 1290.117 | E47: 1217.6574 | F47: 1216.9078 | G47: 1065.8568 | H47: 1067.07 | I47: 1037.2767 | J47: 1096.5521 | K47: 1113.727 | L47: 1089.1475 | M47: 1153.251 | N47: 1125.5972 | O47: 1221.7272 | P47: =SUM(D47:O47) -> 13694.888
C48: Electrosur Este | D48: 927.90904 | E48: 864.1883 | F48: 852.60547 | G48: 716.07745 | H48: 753.77501 | I48: 787.43649 | J48: 871.12733 | K48: 909.28703 | L48: 924.79617 | M48: 986.27642 | N48: 971.63302 | O48: 982.80043 | P48: =SUM(D48:O48) -> 10547.912
C49: Electropuno | D49: 797.62724 | E49: 771.91993 | F49: 722.38587 | G49: 611.69853 | H49: 647.96726 | I49: 670.80027 | J49: 767.37634 | K49: 802.87052 | L49: 803.30158 | M49: 852.62058 | N49: 808.75493 | O49: 852.65781 | P49: =SUM(D49:O49) -> 9109.9809
C50: Seal | D50: 1496.725 | E50: 1399.2736 | F50: 1420.3128 | G50: 1267.3679 | H50: 1326.0986 | I50: =1309604.91/1000 -> 1309.6049 | J50: 1368.2172 | K50: 1356.4226 | L50: 1359.0545 | M50: 1419.6166 | N50: 1404.5517 | O50: 1478.086 | P50: =SUM(D50:O50) -> 16605.331
C51: Electro Oriente | D51: 2150.5957 | E51: 2096.8347 | F51: 1770.708 | G51: 1967.5495 | H51: 2100.2289 | I51: 1467.723 | J51: 1401.6474 | K51: 1361.2617 | L51: 1419.8039 | M51: 1748.6208 | N51: 1936.4579 | O51: 1723.4871 | P51: =SUM(D51:O51) -> 21144.919
C52: Electro Dunas | D52: 49.24674 | E52: 49.50995 | F52: 52.18179 | G52: 52.16899 | H52: 54.04429 | I52: 53.02175 | J52: 55.17907 | K52: 56.2883 | L52: 53.62331 | M52: 57.47765 | N52: 56.51805 | O52: 59.31901 | P52: =SUM(D52:O52) -> 648.5789
C53: Coelvisac (Bolsa 1) | D53: 5190.1906 | E53: 4154.9662 | F53: 4375.4603 | G53: 4273.1427 | H53: 4155.4061 | I53: 3403.9302 | J53: 3381.9474 | K53: 3710.8112 | L53: 3616.7767 | M53: 4468.8763 | N53: 4543.5504 | O53: 4457.0614 | P53: =SUM(D53:O53) -> 49732.12
C54: Coelvisac (Bolsa 2) | D54: 0 | E54: 0 | F54: 0 | G54: 0 | H54: 0 | I54: 0 | J54: 0 | K54: 165.18993 | L54: 656.81582 | M54: 1075.4187 | N54: 1764.5558 | O54: 2237.2835 | P54: =SUM(D54:O54) -> 5899.2638
C55: A clientes Libres | D55: =+SUM(D56:D64) -> 3939.2484 | E55: =+SUM(E56:E64) -> 4858.6908 | F55: =+SUM(F56:F64) -> 3262.1814 | G55: =+SUM(G56:G64) -> 1320.506 | H55: =+SUM(H56:H64) -> 2706.5341 | I55: =+SUM(I56:I64) -> 4668.3601 | J55: =+SUM(J56:J64) -> 4836.2355 | K55: =+SUM(K56:K64) -> 4602.4021 | ... P55: =+SUM(P56:P64) -> 49670.957
C56: TISUR | D56: 0 | E56: 1065.7074 | F56: 952.00068 | G56: 686.54157 | H56: 917.00717 | I56: 943.65329 | J56: 943.27651 | K56: 918.74661 | L56: 955.63282 | M56: 962.31042 | N56: 1027.229 | O56: 1115.4138 | P56: =SUM(D56:O56) -> 10487.519
C57: MICHELL | D57: 1108.2327 | E57: 1051.37 | F57: 563.54767 | G57: 51.97584 | H57: 634.53524 | I57: 1112.9523 | J57: 1188.351 | K57: 1093.4357 | L57: 1067.4296 | M57: 1044.8388 | N57: 1090.7114 | O57: 1157.2496 | P57: =SUM(D57:O57) -> 11164.63
C58: NATURGEN | D58: 240.55327 | E58: 235.34828 | F58: 228.66031 | G58: 214.01281 | H58: 222.59485 | I58: 214.79728 | J58: 220.58414 | K58: 216.29196 | L58: 231.30397 | M58: 226.49686 | N58: 203.74715 | O58: 199.00378 | P58: =SUM(D58:O58) -> 2653.3947
C59: INCALPACA | D59: 288.39271 | E59: 297.96697 | F59: 164.91093 | G59: 41.63022 | H59: 167.67451 | I59: 312.83547 | J59: 300.94707 | K59: 238.28548 | L59: 194.28212 | M59: 206.98688 | N59: 206.96994 | O59: 185.37207 | P59: =SUM(D59:O59) -> 2606.2544
C60: INCATOPS | D60: 735.3828 | E60: 730.26268 | F60: 385.1733 | G60: 37.28046 | H60: 343.54082 | I60: 769.34595 | J60: 807.34119 | K60: 741.70638 | L60: 827.30802 | M60: 912.5003 | N60: 843.05301 | O60: 821.53577 | P60: =SUM(D60:O60) -> 7954.4307
C61: IBERICA | D61: 147.33612 | E61: 122.30699 | F61: 93.33184 | G61: 70.67509 | H61: 65.44852 | I61: 88.08594 | J61: 123.48176 | K61: 131.49964 | L61: 138.03788 | M61: 122.64675 | N61: 119.95191 | O61: 124.68204 | P61: =SUM(D61:O61) -> 1347.4845
C62: PAMPABAJA | D62: 362.12588 | E62: 335.4237 | F62: 303.92642 | G62: 197.38598 | H62: 169.48217 | I62: 228.53403 | J62: 241.30018 | K62: 214.03943 | L62: 183.28613 | M62: 161.25069 | N62: 233.41507 | O62: 417.66926 | P62: =SUM(D62:O62) -> 3047.8389
C63: LADRILLERA DIAMANTE | D63: 920.08638 | E63: 871.24304 | F63: 483.33505 | G63: 16.41541 | H63: 130.55872 | I63: 893.22825 | J63: 896.48324 | K63: 897.32378 | L63: 947.03489 | M63: 967.28859 | N63: 934.92162 | O63: 953.45194 | P63: =SUM(D63:O63) -> 8911.3709
C64: ROCATECH | D64: 137.13856 | E64: 149.06175 | F64: 87.29521 | G64: 4.5886 | H64: 55.69212 | I64: 104.92761 | J64: 114.47041 | K64: 151.07307 | L64: 142.92426 | M64: 163.68801 | N64: 186.11106 | O64: 201.06338 | P64: =SUM(D64:O64) -> 1498.034
D65: =+D33/D28 -> 0.0034561367 | E65: =+E33/E28 -> 0.0030551602 | F65: =+F33/F28 -> 0.0027804358 | G65: =+G33/G28 -> 0.0030233735 | H65: =+H33/H28 -> 0.0042342081 | I65: =+I33/I28 -> 0.0042462826 | J65: =+J33/J28 -> 0.0043361627 | K65: =+K33/K28 -> 0.0041988002 | ... O65: =+O33/O28 -> 0.0037853175
C67: Fuente: COES - EGASA
D68: =D39-D40 -> 62740.843 | E68: =E39-E40 -> 61101.167 | F68: =F39-F40 -> 58042.67 | G68: =G39-G40 -> 47671.78 | H68: =H39-H40 -> 50204.461 | I68: =I39-I40 -> 51074.337 | J68: =J39-J40 -> 54034.673 | K68: =K39-K40 -> 54589.765 | ... O68: =O39-O40 -> 60046.925
D70: =+D38-D39 -> 0 | E70: =+E38-E39 -> 0 | F70: =+F38-F39 -> 0 | G70: =+G38-G39 -> 0 | H70: =+H38-H39 -> 0 | I70: =+I38-I39 -> 0 | J70: =+J38-J39 -> 0 | K70: =+K38-K39 -> 0 | ... O70: =+O38-O39 -> 0
D71: =+D70*0.4 -> 0 | E71: =+E70*0.4 -> 0 | F71: =+F70*0.4 -> 0 | G71: =+G70*0.4 -> 0 | H71: =+H70*0.4 -> 0 | I71: =+I70*0.4 -> 0 | J71: =+J70*0.4 -> 0 | K71: =+K70*0.4 -> 0 | ... O71: =+O70*0.4 -> 0
D72: =+D70*0.6 -> 0 | E72: =+E70*0.6 -> 0 | F72: =+F70*0.6 -> 0 | G72: =+G70*0.6 -> 0 | H72: =+H70*0.6 -> 0 | I72: =+I70*0.6 -> 0 | J72: =+J70*0.6 -> 0 | K72: =+K70*0.6 -> 0 | ... O72: =+O70*0.6 -> 0
D74: =D35/D27 -> 0.015095235 | E74: =E35/E27 -> 0.013777852 | F74: =F35/F27 -> 0.013426337 | G74: =G35/G27 -> 0.014074426 | H74: =H35/H27 -> 0.016411641 | I74: =I35/I27 -> 0.016201705 | J74: =J35/J27 -> 0.015892302 | K74: =K35/K27 -> 0.016202443 | ... O74: =O35/O27 -> 0.015204409
C75: 1000
D78: =+'2020 R2'!D43+'2020 R2'!D53 -> 62740.843 | E78: =+'2020 R2'!E43+'2020 R2'!E53 -> 61101.167 | F78: =+'2020 R2'!F43+'2020 R2'!F53 -> 58042.67 | G78: =+'2020 R2'!G43+'2020 R2'!G53 -> 47671.78 | H78: =+'2020 R2'!H43+'2020 R2'!H53 -> 50204.461 | I78: =+'2020 R2'!I43+'2020 R2'!I53 -> 51074.337 | J78: =+'2020 R2'!J43+'2020 R2'!J53 -> 54034.673 | K78: =+'2020 R2'!K43+'2020 R2'!K53 -> 54589.765 | ... O78: =+'2020 R2'!O43+'2020 R2'!O53 -> 60046.925
D79: =+D55+D43 -> 62740.843 | E79: =+E55+E43 -> 61101.167 | F79: =+F55+F43 -> 58042.67 | G79: =+G55+G43 -> 47671.78 | H79: =+H55+H43 -> 50204.461 | I79: =+I55+I43 -> 51074.337 | J79: =+J55+J43 -> 54034.673 | K79: =+K55+K43 -> 54589.765 | ... O79: =+O55+O43 -> 60046.925
D80: =+D78-D79 -> 0 | E80: =+E78-E79 -> 0 | F80: =+F78-F79 -> 0 | G80: =+G78-G79 -> 0 | H80: =+H78-H79 -> 0 | I80: =+I78-I79 -> 0 | J80: =+J78-J79 -> 0 | K80: =+K78-K79 -> 0 | ... O80: =+O78-O79 -> 0
I86: 1159159.5 | J86: 1252685.7 | K86: 1264037.1 | L86: 1269109.6 | M86: 1310815.3 | N86: 1209634.4 | O86: 1223506.3
I87: 4131720.3 | J87: 4430884.6 | K87: 4453918.9 | L87: 4307086.5 | M87: 4473574.9 | N87: 4386860 | O87: 4625894.8
I88: 4727776.9 | J88: 5109235.6 | K88: 5155534 | L88: 5176223 | M88: 5346324.4 | N88: 4933645.6 | O88: 4990223.8
I89: 16851740 | J89: 18071919 | K89: 18165867 | L89: 17566993 | M89: 18246036 | N89: 17892359 | O89: 18867292
I90: =+SUM(I86:I89)/1000 -> 26870.396 | J90: =+SUM(J86:J89)/1000 -> 28864.725 | K90: =+SUM(K86:K89)/1000 -> 29039.357 | L90: =+SUM(L86:L89)/1000 -> 28319.412 | M90: =+SUM(M86:M89)/1000 -> 29376.751 | N90: =+SUM(N86:N89)/1000 -> 28422.498 | O90: =+SUM(O86:O89)/1000 -> 29706.917
I92: 119551.85 | J92: 126652.24 | K92: 125500.17 | L92: 122702.75 | M92: 133651.19 | N92: 121625.78 | O92: 126790.77
I93: 405272.86 | J93: 417465.7 | K93: 426181.58 | L93: 400561.55 | M93: 430569.16 | N93: 427881.43 | O93: 464196.03
I95: =+(I92+I93)/1000 -> 524.82471 | J95: =+(J92+J93)/1000 -> 544.11794 | K95: =+(K92+K93)/1000 -> 551.68175 | L95: =+(L92+L93)/1000 -> 523.2643 | M95: =+(M92+M93)/1000 -> 564.22035 | N95: =+(N92+N93)/1000 -> 549.50721 | O95: =+(O92+O93)/1000 -> 590.9868
I97: =+I90+I95 -> 27395.221 | J97: =+J90+J95 -> 29408.843 | K97: =+K90+K95 -> 29591.039 | L97: =+L90+L95 -> 28842.676 | M97: =+M90+M95 -> 29940.971 | N97: =+N90+N95 -> 28972.006 | O97: =+O90+O95 -> 30297.904
I98: =+I45 -> 26870.396 | J98: =+J45 -> 28864.725 | K98: =+K45 -> 29039.357 | L98: =+L45 -> 28319.412 | M98: =+M45 -> 29376.751 | N98: =+N45 -> 28422.498 | O98: =+O45 -> 29706.917

Sheet 2020 R2
C3: PRODUCCIÓN MENSUAL DE ENERGÍA ELÉCTRICA EN EGASA
C4: AÑO 2017 (MWh)
C6: CENTRALES | D6: Enero | E6: Febrero | F6: Marzo | G6: Abril | H6: Mayo | I6: Junio | J6: Julio | K6: Agosto | L6: Septiembre | M6: Octubre | N6: Noviembre | O6: Diciembre | P6: Acumulado
C7: Hidráulica
C8: Charcani I | D8: 1225.927 | E8: 1100.2485 | F8: 1199.4271 | G8: 707.3079 | H8: 1055.3095 | I8: 1187.7418 | J8: 1004.2177 | K8: 1206.8928 | L8: 1111.4835 | M8: 1169.0798 | N8: 1172.7717 | O8: 1201.6393 | P8: =+SUM(D8:O8) -> 13342.047
C9: Charcani II | D9: 429.30329 | E9: 303.46961 | F9: 409.99535 | G9: 238.45528 | H9: 336.58094 | I9: 403.42692 | J9: 412.1855 | K9: 420.12018 | L9: 395.99462 | M9: 392.21373 | N9: 409.39118 | O9: 418.94184 | P9: =+SUM(D9:O9) -> 4570.0784
C10: Charcani III | D10: 3463.0213 | E10: 3168.7688 | F10: 3495.41 | G10: 3328.6705 | H10: 3428.6704 | I10: 3248.2484 | J10: 3450.9502 | K10: 3394.3048 | L10: 3296.304 | M10: 3428.5034 | N10: 3348.2044 | O10: 3394.4808 | P10: =+SUM(D10:O10) -> 40445.537
C11: Charcani IV | D11: 10307.391 | E11: 9560.9042 | F11: 10412.751 | G11: 9980.5389 | H11: 8870.0677 | I11: 8525.998 | J11: 8895.0826 | K11: 8748.5141 | L11: 8840.9317 | M11: 9451.2798 | N11: 8938.9967 | O11: 9403.9944 | P11: =+SUM(D11:O11) -> 111936.45
C12: Charcani V | D12: 72064.965 | E12: 83210.97 | F12: 104794.89 | G12: 84501.596 | H12: 54284.204 | I12: 51697.414 | J12: 53421.481 | K12: 53418.251 | L12: 54712.471 | M12: 58131.604 | N12: 55439.239 | O12: 62464.398 | P12: =+SUM(D12:O12) -> 788141.48
C13: Charcani VI | D13: 5346.0183 | E13: 5097.8547 | F13: 6466.5226 | G13: 6116.8365 | H13: 5303.7394 | I13: 5094.9714 | J13: 5012.9955 | K13: 4907.6445 | L13: 5193.1321 | M13: 5656.7035 | N13: 5315.7296 | O13: 5775.3671 | P13: =+SUM(D13:O13) -> 65287.515
C14: Total Hidraúlica | D14: =SUM(D8:D13) -> 92836.625 | E14: =SUM(E8:E13) -> 102442.22 | F14: =SUM(F8:F13) -> 126779 | G14: =SUM(G8:G13) -> 104873.41 | H14: =SUM(H8:H13) -> 73278.572 | I14: =SUM(I8:I13) -> 70157.801 | J14: =SUM(J8:J13) -> 72196.913 | K14: =SUM(K8:K13) -> 72095.727 | ... O14: =SUM(O8:O13) -> 82658.822 | P14: =+SUM(D14:O14) -> 1023723.1
C15: Térmica
C16: T.Vapor | D16: 0 | E16: 0 | F16: 0 | G16: 0 | H16: 0 | I16: 0 | J16: 0 | K16: 0 | L16: 0 | M16: 0 | N16: 0 | O16: 0 | P16: =+SUM(D16:O16) -> 0
C17: T.G.-Ciclo Combinado | D17: 0.41647253 | E17: 8.1636456 | F17: 0 | G17: 0.31892609 | H17: 0 | I17: 1.0249067 | J17: 0 | K17: 1.1803148 | L17: 0 | M17: 25.103628 | N17: 27.669575 | O17: 1.5307389 | P17: =+SUM(D17:O17) -> 65.408207
C18: Sulzers | D18: 14.40609 | E18: 13.312516 | F18: 0 | G18: 0.54511176 | H18: 0 | I18: 0.64248706 | J18: 0 | K18: 0.56535441 | L18: 0 | M18: 5.2870844 | N18: 0.60439826 | O18: 2.8432527 | P18: =+SUM(D18:O18) -> 38.206294
C19: C.T. Mollendo | D19: 6.3288012 | E19: 20.403312 | F19: 0.93851548 | G19: 0.95060052 | H19: 3.4152294 | I19: 0 | J19: 3.5564135 | K19: 0 | L19: 23.777643 | M19: 20.597473 | N19: 22.130573 | O19: 23.763414 | P19: =+SUM(D19:O19) -> 125.86198
C20: C.T. Pisco | D20: 0 | E20: 0 | F20: 0 | G20: 0 | H20: 0 | I20: 0 | J20: 0 | K20: 0 | L20: 0 | M20: 0 | N20: 0 | O20: 0 | P20: =+SUM(D20:O20) -> 0
C21: Total Térmica | D21: =SUM(D16:D20) -> 21.151363 | E21: =SUM(E16:E20) -> 41.879473 | F21: =SUM(F16:F20) -> 0.93851548 | G21: =SUM(G16:G20) -> 1.8146384 | H21: =SUM(H16:H20) -> 3.4152294 | I21: =SUM(I16:I20) -> 1.6673937 | J21: =SUM(J16:J20) -> 3.5564135 | K21: =SUM(K16:K20) -> 1.7456692 | ... O21: =SUM(O16:O20) -> 28.137405 | P21: =+SUM(D21:O21) -> 229.47648
C22: TOTAL EGASA | D22: =+D14+D21 -> 92857.777 | E22: =+E14+E21 -> 102484.09 | F22: =+F14+F21 -> 126779.93 | G22: =+G14+G21 -> 104875.22 | H22: =+H14+H21 -> 73281.987 | I22: =+I14+I21 -> 70159.468 | J22: =+J14+J21 -> 72200.469 | K22: =+K14+K21 -> 72097.473 | ... O22: =+O14+O21 -> 82686.959 | P22: =+SUM(D22:O22) -> 1023952.6
C24: BALANCE DE ENERGÍA EN MWh - AÑO 2020
C26: DESCRIPCIÓN | D26: Enero | E26: Febrero | F26: Marzo | G26: Abril | H26: Mayo | I26: Junio | J26: Julio | K26: Agosto | L26: Septiembre | M26: Octubre | N26: Noviembre | O26: Diciembre | P26: Acumulado
C27: Energía producida | D27: =+D28+D29 -> 92857.777 | E27: =+E28+E29 -> 102484.09 | F27: =+F28+F29 -> 126779.93 | G27: =+G28+G29 -> 104875.22 | H27: =+H28+H29 -> 73281.987 | I27: =+I28+I29 -> 70159.468 | J27: =+J28+J29 -> 72200.469 | K27: =+K28+K29 -> 72097.473 | ... O27: =+O28+O29 -> 82686.959 | P27: =SUM(D27:O27) -> 1023952.6
C28: Hidroeléctrica | D28: =+D14 -> 92836.625 | E28: =+E14 -> 102442.22 | F28: =+F14 -> 126779 | G28: =+G14 -> 104873.41 | H28: =+H14 -> 73278.572 | I28: =+I14 -> 70157.801 | J28: =+J14 -> 72196.913 | K28: =+K14 -> 72095.727 | ... O28: =+O14 -> 82658.822 | P28: =SUM(D28:O28) -> 1023723.1
C29: Termoeléctrica | D29: =+D21 -> 21.151363 | E29: =+E21 -> 41.879473 | F29: =+F21 -> 0.93851548 | G29: =+G21 -> 1.8146384 | H29: =+H21 -> 3.4152294 | I29: =+I21 -> 1.6673937 | J29: =+J21 -> 3.5564135 | K29: =+K21 -> 1.7456692 | ... O29: =+O21 -> 28.137405 | P29: =SUM(D29:O29) -> 229.47648
C30: Compra de energía | D30: =+D31 -> 0 | E30: =+E31 -> 0 | F30: =+F31 -> 0 | G30: =+G31 -> 0 | H30: =+H31 -> 0 | I30: =+I31 -> 0 | J30: =+J31 -> 0 | K30: =+K31 -> 0 | ... O30: =+O31 -> 0 | P30: =SUM(D30:O30) -> 0
C31: COES | D31: 0 | E31: 0 | F31: 0 | G31: 0 | H31: 0 | I31: 0 | L31: 0 | M31: 0 | N31: 0 | P31: =SUM(D31:O31) -> 0
C32: Consumo propio de centrales | D32: =+D33+D34 -> 322.81553 | E32: =+E33+E34 -> 315.22511 | F32: =+F33+F34 -> 352.64487 | G32: =+G33+G34 -> 317.29171 | H32: =+H33+H34 -> 310.66656 | I32: =+I33+I34 -> 298.06516 | J32: =+J33+J34 -> 313.6266 | K32: =+K33+K34 -> 302.80876 | ... O32: =+O33+O34 -> 314.82173 | P32: =SUM(D32:O32) -> 3752.5151
C33: Hidroeléctrica | D33: 320.85607 | E33: 312.97738 | F33: 352.50086 | G33: 317.07148 | H33: 310.27672 | I33: 297.90985 | J33: 313.05756 | K33: 302.71555 | L33: 296.91128 | M33: 309.21771 | N33: 294.28988 | O33: 312.88989 | P33: =SUM(D33:O33) -> 3740.6742
C34: Termoeléctrica | D34: 1.9594552 | E34: 2.2477305 | F34: 0.14400909 | G34: 0.22023869 | H34: 0.38983769 | I34: 0.15530519 | J34: 0.56903697 | K34: 0.093205764 | L34: 1.1585818 | M34: 1.5885401 | N34: 1.3831093 | O34: 1.9318363 | P34: =SUM(D34:O34) -> 11.840887
C35: Pérdidas Sistemas Transmisión | D35: =+D36+D37 -> 1401.7099 | E35: =+E36+E37 -> 1412.0107 | F35: =+F36+F37 -> 1702.1901 | G35: =+G36+G37 -> 1476.0585 | H35: =+H36+H37 -> 1202.6776 | I35: =+I36+I37 -> 1136.703 | J35: =+J36+J37 -> 1147.4316 | K35: =+K36+K37 -> 1168.1552 | ... O35: =+O36+O37 -> 1257.2064 | P35: =SUM(D35:O35) -> 15449.46
C36: En muy alta tensión | D36: 560.68397 | E36: 564.80429 | F36: 680.87604 | G36: 590.42339 | H36: 481.07105 | I36: 454.68121 | J36: 458.97265 | K36: 467.26207 | L36: 478.02779 | M36: 496.22709 | N36: 443.87184 | O36: 502.88255 | P36: =SUM(D36:O36) -> 6179.784
C37: En alta tensión | D37: 841.02596 | E37: 847.20644 | F37: 1021.3141 | G37: 885.63509 | H37: 721.60658 | I37: 682.02181 | J37: 688.45898 | K37: 700.89311 | L37: 717.04169 | M37: 744.34064 | N37: 665.80776 | O37: 754.32382 | P37: =SUM(D37:O37) -> 9269.6759
C38: Energía total disponible | D38: =+D27+D30-D32-D35 -> 91133.251 | E38: =+E27+E30-E32-E35 -> 100756.86 | F38: =+F27+F30-F32-F35 -> 124725.1 | G38: =+G27+G30-G32-G35 -> 103081.87 | H38: =+H27+H30-H32-H35 -> 71768.643 | I38: =+I27+I30-I32-I35 -> 68724.7 | J38: =+J27+J30-J32-J35 -> 70739.411 | K38: =+K27+K30-K32-K35 -> 70626.509 | ... O38: =+O27+O30-O32-O35 -> 81114.931 | P38: =SUM(D38:O38) -> 1004750.6
C39: Venta de energía | D39: =+D40+D43+D53 -> 91133.251 | E39: =+E40+E43+E53 -> 100756.86 | F39: =+F40+F43+F53 -> 124725.1 | G39: =+G40+G43+G53 -> 103081.87 | H39: =+H40+H43+H53 -> 71768.643 | I39: =+I40+I43+I53 -> 68724.7 | J39: =+J40+J43+J53 -> 70739.411 | K39: =+K40+K43+K53 -> 70626.509 | ... O39: =+O40+O43+O53 -> 81114.931 | P39: =SUM(D39:O39) -> 1004750.6
C40: A Emp. Generadoras | D40: =+D41+D42 -> 28392.408 | E40: =+E41+E42 -> 39655.692 | F40: =+F41+F42 -> 66682.43 | G40: =+G41+G42 -> 55410.09 | H40: =+H41+H42 -> 21564.182 | I40: =+I41+I42 -> 17650.363 | J40: =+J41+J42 -> 16704.738 | K40: =+K41+K42 -> 16036.744 | ... O40: =+O41+O42 -> 21068.007 | P40: =SUM(D40:O40) -> 335881.82
C41: COES | D41: 28392.408 | E41: 39655.692 | F41: 66682.43 | G41: 55410.09 | H41: 21564.182 | I41: 17650.363 | J41: 16704.738 | K41: 16036.744 | L41: 17827.456 | M41: 19010.821 | N41: 15878.893 | O41: 21068.007 | P41: =SUM(D41:O41) -> 335881.82
C42: Electroperú (SWAP) | D42: 0 | E42: 0 | F42: 0 | G42: 0 | H42: 0 | I42: 0 | J42: 0 | K42: 0 | L42: 0 | M42: 0 | N42: 0 | P42: =SUM(D42:O42) -> 0
C43: A emp. Distribuidoras: | D43: =SUM(D44:D52) -> 58801.594 | E43: =SUM(E44:E52) -> 56242.476 | F43: =SUM(F44:F52) -> 54780.488 | G43: =SUM(G44:G52) -> 46351.274 | H43: =SUM(H44:H52) -> 47497.927 | I43: =SUM(I44:I52) -> 46405.977 | J43: =SUM(J44:J52) -> 49198.437 | K43: =SUM(K44:K52) -> 49987.363 | ... P43: =SUM(P44:P52) -> 619197.83
C44: Edelnor | D44: 12339.704 | E44: 11997.735 | F44: 11846.077 | G44: 9953.8959 | H44: 10247.131 | I44: 10280.963 | J44: 10847.548 | K44: 10920.466 | L44: 10800.264 | M44: 11247.041 | N44: 10960.757 | O44: 11561.157 | P44: =SUM(D44:O44) -> 133002.74
C45: Luz del Sur | D45: 34559.479 | E45: 33690.391 | F45: 32523.849 | G45: 26443.516 | H45: 27146.206 | I45: 27395.221 | J45: 29408.843 | K45: 29591.039 | L45: 28842.676 | M45: 29940.971 | N45: 28972.006 | O45: 30297.904 | P45: =SUM(D45:O45) -> 358812.1
C46: Electrosur | D46: 1290.117 | E46: 1217.6574 | F46: 1216.9078 | G46: 1065.8568 | H46: 1067.07 | I46: 1037.2767 | J46: 1096.5521 | K46: 1113.727 | L46: 1089.1475 | M46: 1153.251 | N46: 1125.5972 | O46: 1221.7272 | P46: =SUM(D46:O46) -> 13694.888
C47: Electrosur Este | D47: 927.90904 | E47: 864.1883 | F47: 852.60547 | G47: 716.07745 | H47: 753.77501 | I47: 787.43649 | J47: 871.12733 | K47: 909.28703 | L47: 924.79617 | M47: 986.27642 | N47: 971.63302 | O47: 982.80043 | P47: =SUM(D47:O47) -> 10547.912
C48: Electropuno | D48: 797.62724 | E48: 771.91993 | F48: 722.38587 | G48: 611.69853 | H48: 647.96726 | I48: 670.80027 | J48: 767.37634 | K48: 802.87052 | L48: 803.30158 | M48: 852.62058 | N48: 808.75493 | O48: 852.65781 | P48: =SUM(D48:O48) -> 9109.9809
C49: Seal | D49: 1496.725 | E49: 1399.2736 | F49: 1420.3128 | G49: 1267.3679 | H49: 1326.0986 | I49: =1309604.91/1000 -> 1309.6049 | J49: 1368.2172 | K49: 1356.4226 | L49: 1359.0545 | M49: 1419.6166 | N49: 1404.5517 | O49: 1478.086 | P49: =SUM(D49:O49) -> 16605.331
C50: Electro Oriente | D50: 2150.5957 | E50: 2096.8347 | F50: 1770.708 | G50: 1967.5495 | H50: 2100.2289 | I50: 1467.723 | J50: 1401.6474 | K50: 1361.2617 | L50: 1419.8039 | M50: 1748.6208 | N50: 1936.4579 | O50: 1723.4871 | P50: =SUM(D50:O50) -> 21144.919
C51: Electro Dunas | D51: 49.24674 | E51: 49.50995 | F51: 52.18179 | G51: 52.16899 | H51: 54.04429 | I51: 53.02175 | J51: 55.17907 | K51: 56.2883 | L51: 53.62331 | M51: 57.47765 | N51: 56.51805 | O51: 59.31901 | P51: =SUM(D51:O51) -> 648.5789
C52: Coelvisac | D52: 5190.1906 | E52: 4154.9662 | F52: 4375.4603 | G52: 4273.1427 | H52: 4155.4061 | I52: 3403.9302 | J52: 3381.9474 | K52: 3876.0012 | L52: 4273.5925 | M52: 5544.295 | N52: 6308.1061 | O52: 6694.345 | P52: =SUM(D52:O52) -> 55631.383
C53: A clientes Libres | D53: =+SUM(D54:D62) -> 3939.2484 | E53: =+SUM(E54:E62) -> 4858.6908 | F53: =+SUM(F54:F62) -> 3262.1814 | G53: =+SUM(G54:G62) -> 1320.506 | H53: =+SUM(H54:H62) -> 2706.5341 | I53: =+SUM(I54:I62) -> 4668.3601 | J53: =+SUM(J54:J62) -> 4836.2355 | K53: =+SUM(K54:K62) -> 4602.4021 | ... P53: =+SUM(P54:P62) -> 49670.957
C54: TISUR | D54: 0 | E54: 1065.7074 | F54: 952.00068 | G54: 686.54157 | H54: 917.00717 | I54: 943.65329 | J54: 943.27651 | K54: 918.74661 | L54: 955.63282 | M54: 962.31042 | N54: 1027.229 | O54: 1115.4138 | P54: =SUM(D54:O54) -> 10487.519
C55: MICHELL | D55: 1108.2327 | E55: 1051.37 | F55: 563.54767 | G55: 51.97584 | H55: 634.53524 | I55: 1112.9523 | J55: 1188.351 | K55: 1093.4357 | L55: 1067.4296 | M55: 1044.8388 | N55: 1090.7114 | O55: 1157.2496 | P55: =SUM(D55:O55) -> 11164.63
C56: NATURGEN | D56: 240.55327 | E56: 235.34828 | F56: 228.66031 | G56: 214.01281 | H56: 222.59485 | I56: 214.79728 | J56: 220.58414 | K56: 216.29196 | L56: 231.30397 | M56: 226.49686 | N56: 203.74715 | O56: 199.00378 | P56: =SUM(D56:O56) -> 2653.3947
C57: INCALPACA | D57: 288.39271 | E57: 297.96697 | F57: 164.91093 | G57: 41.63022 | H57: 167.67451 | I57: 312.83547 | J57: 300.94707 | K57: 238.28548 | L57: 194.28212 | M57: 206.98688 | N57: 206.96994 | O57: 185.37207 | P57: =SUM(D57:O57) -> 2606.2544
C58: INCATOPS | D58: 735.3828 | E58: 730.26268 | F58: 385.1733 | G58: 37.28046 | H58: 343.54082 | I58: 769.34595 | J58: 807.34119 | K58: 741.70638 | L58: 827.30802 | M58: 912.5003 | N58: 843.05301 | O58: 821.53577 | P58: =SUM(D58:O58) -> 7954.4307
C59: IBERICA | D59: 147.33612 | E59: 122.30699 | F59: 93.33184 | G59: 70.67509 | H59: 65.44852 | I59: 88.08594 | J59: 123.48176 | K59: 131.49964 | L59: 138.03788 | M59: 122.64675 | N59: 119.95191 | O59: 124.68204 | P59: =SUM(D59:O59) -> 1347.4845
C60: PAMPABAJA | D60: 362.12588 | E60: 335.4237 | F60: 303.92642 | G60: 197.38598 | H60: 169.48217 | I60: 228.53403 | J60: 241.30018 | K60: 214.03943 | L60: 183.28613 | M60: 161.25069 | N60: 233.41507 | O60: 417.66926 | P60: =SUM(D60:O60) -> 3047.8389
C61: LADRILLERA DIAMANTE | D61: 920.08638 | E61: 871.24304 | F61: 483.33505 | G61: 16.41541 | H61: 130.55872 | I61: 893.22825 | J61: 896.48324 | K61: 897.32378 | L61: 947.03489 | M61: 967.28859 | N61: 934.92162 | O61: 953.45194 | P61: =SUM(D61:O61) -> 8911.3709
C62: ROCATECH | D62: 137.13856 | E62: 149.06175 | F62: 87.29521 | G62: 4.5886 | H62: 55.69212 | I62: 104.92761 | J62: 114.47041 | K62: 151.07307 | L62: 142.92426 | M62: 163.68801 | N62: 186.11106 | O62: 201.06338 | P62: =SUM(D62:O62) -> 1498.034
D63: =+D33/D28 -> 0.0034561367 | E63: =+E33/E28 -> 0.0030551602 | F63: =+F33/F28 -> 0.0027804358 | G63: =+G33/G28 -> 0.0030233735 | H63: =+H33/H28 -> 0.0042342081 | I63: =+I33/I28 -> 0.0042462826 | J63: =+J33/J28 -> 0.0043361627 | K63: =+K33/K28 -> 0.0041988002 | ... O63: =+O33/O28 -> 0.0037853175
C65: Fuente: COES - EGASA
D66: =D39-D40 -> 62740.843 | E66: =E39-E40 -> 61101.167 | F66: =F39-F40 -> 58042.67 | G66: =G39-G40 -> 47671.78 | H66: =H39-H40 -> 50204.461 | I66: =I39-I40 -> 51074.337 | J66: =J39-J40 -> 54034.673 | K66: =K39-K40 -> 54589.765 | ... O66: =O39-O40 -> 60046.925
D68: =+D38-D39 -> 0 | E68: =+E38-E39 -> 0 | F68: =+F38-F39 -> 0 | G68: =+G38-G39 -> 0 | H68: =+H38-H39 -> 0 | I68: =+I38-I39 -> 0 | J68: =+J38-J39 -> 0 | K68: =+K38-K39 -> 0 | ... O68: =+O38-O39 -> 0
D69: =+D68*0.4 -> 0 | E69: =+E68*0.4 -> 0 | F69: =+F68*0.4 -> 0 | G69: =+G68*0.4 -> 0 | H69: =+H68*0.4 -> 0 | I69: =+I68*0.4 -> 0 | J69: =+J68*0.4 -> 0 | K69: =+K68*0.4 -> 0 | ... O69: =+O68*0.4 -> 0
D70: =+D68*0.6 -> 0 | E70: =+E68*0.6 -> 0 | F70: =+F68*0.6 -> 0 | G70: =+G68*0.6 -> 0 | H70: =+H68*0.6 -> 0 | I70: =+I68*0.6 -> 0 | J70: =+J68*0.6 -> 0 | K70: =+K68*0.6 -> 0 | ... O70: =+O68*0.6 -> 0
D72: =D35/D27 -> 0.015095235 | E72: =E35/E27 -> 0.013777852 | F72: =F35/F27 -> 0.013426337 | G72: =G35/G27 -> 0.014074426 | H72: =H35/H27 -> 0.016411641 | I72: =I35/I27 -> 0.016201705 | J72: =J35/J27 -> 0.015892302 | K72: =K35/K27 -> 0.016202443 | ... O72: =O35/O27 -> 0.015204409
C73: 1000
D76: =+D53+D43+D41 -> 91133.251 | E76: =+E53+E43+E41 -> 100756.86 | F76: =+F53+F43+F41 -> 124725.1 | G76: =+G53+G43+G41 -> 103081.87 | H76: =+H53+H43+H41 -> 71768.643 | I76: =+I53+I43+I41 -> 68724.7 | J76: =+J53+J43+J41 -> 70739.411 | K76: =+K53+K43+K41 -> 70626.509 | ... N76: =+N53+N43+N41 -> 73269.385
D78: =+D76-D53-D43 -> 28392.408 | E78: =+E76-E53-E43 -> 39655.692 | F78: =+F76-F53-F43 -> 66682.43 | G78: =+G76-G53-G43 -> 55410.09 | H78: =+H76-H53-H43 -> 21564.182 | I78: =+I76-I53-I43 -> 17650.363 | J78: =+J76-J53-J43 -> 16704.738 | K78: =+K76-K53-K43 -> 16036.744 | ... N78: =+N76-N53-N43 -> 15878.893
D79: =+D43+D53 -> 62740.843 | E79: =+E43+E53 -> 61101.167 | F79: =+F43+F53 -> 58042.67 | G79: =+G43+G53 -> 47671.78 | H79: =+H43+H53 -> 50204.461 | I79: =+I43+I53 -> 51074.337 | J79: =+J43+J53 -> 54034.673 | K79: =+K43+K53 -> 54589.765 | ... O79: =+O43+O53 -> 60046.925
I80: 1159159.5 | J80: 1252685.7 | K80: 1264037.1 | L80: 1269109.6 | M80: 1310815.3 | N80: 1209634.4 | O80: 1223506.3
I81: 4131720.3 | J81: 4430884.6 | K81: 4453918.9 | L81: 4307086.5 | M81: 4473574.9 | N81: 4386860 | O81: 4625894.8
I82: 4727776.9 | J82: 5109235.6 | K82: 5155534 | L82: 5176223 | M82: 5346324.4 | N82: 4933645.6 | O82: 4990223.8
I83: 16851740 | J83: 18071919 | K83: 18165867 | L83: 17566993 | M83: 18246036 | N83: 17892359 | O83: 18867292
I84: =+SUM(I80:I83)/1000 -> 26870.396 | J84: =+SUM(J80:J83)/1000 -> 28864.725 | K84: =+SUM(K80:K83)/1000 -> 29039.357 | L84: =+SUM(L80:L83)/1000 -> 28319.412 | M84: =+SUM(M80:M83)/1000 -> 29376.751 | N84: =+SUM(N80:N83)/1000 -> 28422.498 | O84: =+SUM(O80:O83)/1000 -> 29706.917
I86: 119551.85 | J86: 126652.24 | K86: 125500.17 | L86: 122702.75 | M86: 133651.19 | N86: 121625.78 | O86: 126790.77
I87: 405272.86 | J87: 417465.7 | K87: 426181.58 | L87: 400561.55 | M87: 430569.16 | N87: 427881.43 | O87: 464196.03
I89: =+(I86+I87)/1000 -> 524.82471 | J89: =+(J86+J87)/1000 -> 544.11794 | K89: =+(K86+K87)/1000 -> 551.68175 | L89: =+(L86+L87)/1000 -> 523.2643 | M89: =+(M86+M87)/1000 -> 564.22035 | N89: =+(N86+N87)/1000 -> 549.50721 | O89: =+(O86+O87)/1000 -> 590.9868
I91: =+I84+I89 -> 27395.221 | J91: =+J84+J89 -> 29408.843 | K91: =+K84+K89 -> 29591.039 | L91: =+L84+L89 -> 28842.676 | M91: =+M84+M89 -> 29940.971 | N91: =+N84+N89 -> 28972.006 | O91: =+O84+O89 -> 30297.904
I92: =+I45 -> 27395.221 | J92: =+J45 -> 29408.843 | K92: =+K45 -> 29591.039 | L92: =+L45 -> 28842.676 | M92: =+M45 -> 29940.971 | N92: =+N45 -> 28972.006 | O92: =+O45 -> 30297.904

Sheet 2021
C3: PRODUCCIÓN MENSUAL DE ENERGÍA ELÉCTRICA EN EGASA
C4: AÑO 2017 (MWh)
C6: CENTRALES | D6: Enero | E6: Febrero | F6: Marzo | G6: Abril | H6: Mayo | I6: Junio | J6: Julio | K6: Agosto | L6: Septiembre | M6: Octubre | N6: Noviembre | O6: Diciembre | P6: Acumulado
C7: Hidráulica
C8: Charcani I | D8: 1233.1026 | E8: 1097.8118 | F8: 1179.0509 | G8: 1184.7244 | H8: 1252.9575 | I8: 1180.0157 | J8: 1210.7493 | K8: 1211.6106 | L8: 1182.2349 | M8: 1230.9182 | N8: 1020.2673 | O8: 1186.9237 | P8: =+SUM(D8:O8) -> 14170.367
C9: Charcani II | D9: 419.48753 | E9: 382.36458 | F9: 416.14058 | G9: 406.44832 | H9: 422.59609 | I9: 409.94979 | J9: 424.82106 | K9: 429.95356 | L9: 413.35267 | M9: 432.96923 | N9: 417.33609 | O9: 426.68924 | P9: =+SUM(D9:O9) -> 5002.1087
C10: Charcani III | D10: 3416.5508 | E10: 3057.3522 | F10: 3412.1625 | G10: 3321.1459 | H10: 3472.1455 | I10: 3328.5986 | J10: 3443.9153 | K10: 3401.1506 | L10: 3355.3344 | M10: 3430.0749 | N10: 3331.0571 | O10: 3436.2717 | P10: =+SUM(D10:O10) -> 40405.759
C11: Charcani IV | D11: 11080.669 | E11: 9244.1965 | F11: 8516.1475 | G11: 10519.902 | H11: 8098.4376 | I11: 8454.897 | J11: 8718.5719 | K11: 9912.0978 | L11: 9600.5114 | M11: 10042.734 | N11: 9709.3609 | O11: 8460.9802 | P11: =+SUM(D11:O11) -> 112358.51
C12: Charcani V | D12: 81604.067 | E12: 58450.056 | F12: 59178.475 | G12: 86516.136 | H12: 53418.913 | I12: 51695.819 | J12: 53378.969 | K12: 62358.639 | L12: 60310.446 | M12: 62320.547 | N12: 60309.033 | O12: 62667.343 | P12: =+SUM(D12:O12) -> 752208.44
C13: Charcani VI | D13: 5977.5722 | E13: 5336.1503 | F13: 4742.5635 | G13: 5851.002 | H13: 5140.3485 | I13: 4965.9738 | J13: 5124.0305 | K13: 5364.54 | L13: 4879.4505 | M13: 4392.6209 | N13: 5794.0168 | O13: 6008.498 | P13: =+SUM(D13:O13) -> 63576.767
C14: Total Hidraúlica | D14: =SUM(D8:D13) -> 103731.45 | E14: =SUM(E8:E13) -> 77567.932 | F14: =SUM(F8:F13) -> 77444.54 | G14: =SUM(G8:G13) -> 107799.36 | H14: =SUM(H8:H13) -> 71805.398 | I14: =SUM(I8:I13) -> 70035.253 | J14: =SUM(J8:J13) -> 72301.057 | K14: =SUM(K8:K13) -> 82677.991 | ... O14: =SUM(O8:O13) -> 82186.706 | P14: =+SUM(D14:O14) -> 987721.95
C15: Térmica
C16: T.Vapor | D16: 0 | E16: 0 | F16: 0 | G16: 0 | H16: 0 | I16: 0 | J16: 0 | K16: 0 | L16: 0 | M16: 0 | N16: 0 | O16: 0 | P16: =+SUM(D16:O16) -> 0
C17: T.G.-Ciclo Combinado | D17: 0 | E17: 1.9170345 | F17: 25.870296 | G17: 16.659714 | H17: 26.078885 | I17: 1.5885763 | J17: 0 | K17: 2.6681024 | L17: 16.684984 | M17: 4.2668599 | N17: 0 | O17: 31.281688 | P17: =+SUM(D17:O17) -> 127.01614
C18: Sulzers | D18: 0 | E18: 4.1758847 | F18: 0 | G18: 1.6534859 | H18: 0 | I18: 2.2837406 | J18: 12.729358 | K18: 10.286798 | L18: 11.160501 | M18: 1.6514606 | N18: 0 | O18: 2.47019 | P18: =+SUM(D18:O18) -> 46.411418
C19: C.T. Mollendo | D19: 2.9758904 | E19: 0 | F19: 3.6601343 | G19: 0 | H19: 25.838618 | I19: 0 | J19: 56.883054 | K19: 0 | L19: 49.621064 | M19: 19.142644 | N19: 3.7305729 | O19: 20.000377 | P19: =+SUM(D19:O19) -> 181.85236
C20: C.T. Pisco | D20: 0 | E20: 0 | F20: 0 | G20: 0 | H20: 0 | I20: 0 | J20: 0 | K20: 0 | L20: 0 | M20: 0 | N20: 0 | O20: 0 | P20: =+SUM(D20:O20) -> 0
C21: Total Térmica | D21: =SUM(D16:D20) -> 2.9758904 | E21: =SUM(E16:E20) -> 6.0929192 | F21: =SUM(F16:F20) -> 29.53043 | G21: =SUM(G16:G20) -> 18.3132 | H21: =SUM(H16:H20) -> 51.917503 | I21: =SUM(I16:I20) -> 3.8723168 | J21: =SUM(J16:J20) -> 69.612412 | K21: =SUM(K16:K20) -> 12.9549 | ... O21: =SUM(O16:O20) -> 53.752255 | P21: =+SUM(D21:O21) -> 355.27991
C22: TOTAL EGASA | D22: =+D14+D21 -> 103734.43 | E22: =+E14+E21 -> 77574.025 | F22: =+F14+F21 -> 77474.07 | G22: =+G14+G21 -> 107817.67 | H22: =+H14+H21 -> 71857.315 | I22: =+I14+I21 -> 70039.126 | J22: =+J14+J21 -> 72370.67 | K22: =+K14+K21 -> 82690.946 | ... O22: =+O14+O21 -> 82240.458 | P22: =+SUM(D22:O22) -> 988077.23
C24: BALANCE DE ENERGÍA EN MWh - AÑO 2021
C26: DESCRIPCIÓN | D26: Enero | E26: Febrero | F26: Marzo | G26: Abril | H26: Mayo | I26: Junio | J26: Julio | K26: Agosto | L26: Septiembre | M26: Octubre | N26: Noviembre | O26: Diciembre | P26: Acumulado
C27: Energía producida | D27: =+D28+D29 -> 103734.43 | E27: =+E28+E29 -> 77574.025 | F27: =+F28+F29 -> 77474.07 | G27: =+G28+G29 -> 107817.67 | H27: =+H28+H29 -> 71857.315 | I27: =+I28+I29 -> 70039.126 | J27: =+J28+J29 -> 72370.67 | K27: =+K28+K29 -> 82690.946 | ... O27: =+O28+O29 -> 82240.458 | P27: =SUM(D27:O27) -> 988077.23
C28: Hidroeléctrica | D28: =+D14 -> 103731.45 | E28: =+E14 -> 77567.932 | F28: =+F14 -> 77444.54 | G28: =+G14 -> 107799.36 | H28: =+H14 -> 71805.398 | I28: =+I14 -> 70035.253 | J28: =+J14 -> 72301.057 | K28: =+K14 -> 82677.991 | ... O28: =+O14 -> 82186.706 | P28: =SUM(D28:O28) -> 987721.95
C29: Termoeléctrica | D29: =+D21 -> 2.9758904 | E29: =+E21 -> 6.0929192 | F29: =+F21 -> 29.53043 | G29: =+G21 -> 18.3132 | H29: =+H21 -> 51.917503 | I29: =+I21 -> 3.8723168 | J29: =+J21 -> 69.612412 | K29: =+K21 -> 12.9549 | ... O29: =+O21 -> 53.752255 | P29: =SUM(D29:O29) -> 355.27991
C30: Compra de energía | D30: =+SUM(D31:D32) -> 0 | E30: =+SUM(E31:E32) -> 0 | F30: =+SUM(F31:F32) -> 0 | G30: =+SUM(G31:G32) -> 0 | H30: =+SUM(H31:H32) -> 0 | I30: =+SUM(I31:I32) -> 0 | J30: =+SUM(J31:J32) -> 0 | K30: =+SUM(K31:K32) -> 156.3137 | ... P30: =+SUM(P31:P32) -> 757.13699
C31: COES | D31: 0 | E31: 0 | F31: 0 | G31: 0 | H31: 0 | I31: 0 | J31: 0 | K31: 0 | L31: 0 | M31: 0 | N31: 0 | O31: 0 | P31: =SUM(D31:O31) -> 0
C32: Electroperu | D32: 0 | E32: 0 | F32: 0 | G32: 0 | H32: 0 | I32: 0 | K32: 156.3137 | L32: 149.9876 | M32: 153.82518 | N32: =145401.581477165/1000 -> 145.40158 | O32: 151.60892 | P32: =SUM(D32:O32) -> 757.13699
C33: Consumo propio de centrales | D33: =+D34+D35 -> 350.53759 | E33: =+E34+E35 -> 299.76849 | F33: =+F34+F35 -> 317.35592 | G33: =+G34+G35 -> 322.94379 | H33: =+H34+H35 -> 406.92322 | I33: =+I34+I35 -> 382.6391 | J33: =+J34+J35 -> 508.27011 | K33: =+K34+K35 -> 346.40588 | ... O33: =+O34+O35 -> 419.4548 | P33: =SUM(D33:O33) -> 4491.419
C34: Hidroeléctrica | D34: 350.30533 | E34: 299.16194 | F34: 316.79681 | G34: 320.98975 | H34: 347.42069 | I34: 347.07474 | J34: 347.16849 | K34: 344.28653 | L34: 327.49985 | M34: 319.00082 | N34: 334.69544 | O34: 338.36299 | P34: =SUM(D34:O34) -> 3992.7634
C35: Termoeléctrica | D35: 0.23226003 | E35: 0.60654239 | F35: 0.55911512 | G35: 1.954036 | H35: 59.502526 | I35: 35.564354 | J35: 161.10162 | K35: 2.1193508 | L35: 153.80273 | M35: 1.4311011 | N35: 0.69017668 | O35: 81.091809 | P35: =SUM(D35:O35) -> 498.65562
C36: Pérdidas Sistemas Transmisión | D36: =+D37+D38 -> 1027.2493 | E36: =+E37+E38 -> 1176.9578 | F36: =+F37+F38 -> 1244.5604 | G36: =+G37+G38 -> 1305.4209 | H36: =+H37+H38 -> 1162.5874 | I36: =+I37+I38 -> 1033.3908 | J36: =+J37+J38 -> 1085.5815 | K36: =+K37+K38 -> 1184.6592 | ... O36: =+O37+O38 -> 1176.0112 | P36: =SUM(D36:O36) -> 13987.822
C37: En muy alta tensión | D37: 410.89972 | E37: 470.78311 | F37: 497.82417 | G37: 522.16835 | H37: 465.03495 | I37: 413.35634 | J37: 434.23262 | K37: 473.86367 | L37: 430.7033 | M37: 517.36264 | N37: 488.49558 | O37: 470.40446 | P37: =SUM(D37:O37) -> 5595.1289
C38: En alta tensión | D38: 616.34958 | E38: 706.17466 | F38: 746.73626 | G38: 783.25252 | H38: 697.55243 | I38: 620.0345 | J38: 651.34893 | K38: 710.79551 | L38: 646.05495 | M38: 776.04396 | N38: 732.74337 | O38: 705.60669 | P38: =SUM(D38:O38) -> 8392.6934
C39: Energía total disponible | D39: =+D27+D30-D33-D36 -> 102356.64 | E39: =+E27+E30-E33-E36 -> 76097.298 | F39: =+F27+F30-F33-F36 -> 75912.154 | G39: =+G27+G30-G33-G36 -> 106189.31 | H39: =+H27+H30-H33-H36 -> 70287.805 | I39: =+I27+I30-I33-I36 -> 68623.096 | J39: =+J27+J30-J33-J36 -> 70776.818 | K39: =+K27+K30-K33-K36 -> 81316.195 | ... O39: =+O27+O30-O33-O36 -> 80796.601 | P39: =SUM(D39:O39) -> 970355.13
C40: Venta de energía | D40: =+D41+D44+D54 -> 102356.64 | E40: =+E41+E44+E54 -> 76097.298 | F40: =+F41+F44+F54 -> 75912.154 | G40: =+G41+G44+G54 -> 106189.31 | H40: =+H41+H44+H54 -> 70287.805 | I40: =+I41+I44+I54 -> 68623.096 | J40: =+J41+J44+J54 -> 70776.818 | K40: =+K41+K44+K54 -> 81316.195 | ... O40: =+O41+O44+O54 -> 80796.601 | P40: =SUM(D40:O40) -> 970355.13
B41: 1000 | C41: A Emp. Generadoras | D41: =+D42+D43 -> 38885.853 | E41: =+E42+E43 -> 19925.527 | F41: =+F42+F43 -> 13346.296 | G41: =+G42+G43 -> 47938.386 | H41: =+H42+H43 -> 12044.951 | I41: =+I42+I43 -> 12862.621 | J41: =+J42+J43 -> 13386.822 | K41: =+K42+K43 -> 22851.31 | ... O41: =+O42+O43 -> 16861.676 | P41: =SUM(D41:O41) -> 253570.25
B42: 13030.859 | C42: COES | D42: 38885.853 | E42: 19925.527 | F42: 13346.296 | G42: 47938.386 | H42: 12044.951 | I42: 12862.621 | J42: 13386.822 | K42: 22851.31 | L42: 19219.017 | M42: 18667.911 | N42: 17579.88 | O42: 16861.676 | P42: =SUM(D42:O42) -> 253570.25
C43: Electroperú (SWAP) | D43: 0 | E43: 0 | F43: 0 | G43: 0 | H43: 0 | I43: 0 | J43: 0 | K43: 0 | L43: 0 | M43: 0 | N43: 0 | P43: =SUM(D43:O43) -> 0
C44: A emp. Distribuidoras: | D44: =SUM(D45:D53) -> 58554.524 | E44: =SUM(E45:E53) -> 51480.286 | F44: =SUM(F45:F53) -> 57148.968 | G44: =SUM(G45:G53) -> 53163.191 | H44: =SUM(H45:H53) -> 52905.256 | I44: =SUM(I45:I53) -> 50571.222 | J44: =SUM(J45:J53) -> 52213.579 | K44: =SUM(K45:K53) -> 53302.714 | ... P44: =SUM(P45:P53) -> 656000.57
C45: Edelnor | D45: 11798.49 | E45: 10713.771 | F45: 12299.596 | G45: 11334.69 | H45: 11445.131 | I45: 11117.628 | J45: 11248.599 | K45: 11221.017 | L45: 10979.927 | M45: 11310.518 | N45: 11190.639 | O45: 11644.308 | P45: =SUM(D45:O45) -> 136304.32 | R45: 1000
C46: Luz del Sur | D46: 31016.131 | E46: 28069.629 | F46: 32393.366 | G46: 29609.622 | H46: 29869.181 | I46: 29257.567 | J46: 29854.746 | K46: 29754.319 | L46: 29201.738 | M46: 29863.033 | N46: 29256.472 | O46: 30441.006 | P46: =SUM(D46:O46) -> 358586.81
C47: Electrosur | D47: 1236.448 | E47: 1117.4282 | F47: 1248.6028 | G47: 1162.4015 | H47: 1173.0729 | I47: 1121.3705 | J47: 1155.6085 | K47: 1150.0757 | L47: 1139.3791 | M47: 1185.7368 | N47: 1172.4338 | O47: 1256.1021 | P47: =SUM(D47:O47) -> 14118.66
C48: Electrosur Este | D48: 882.7228 | E48: 786.77377 | F48: 890.96056 | G48: 864.1331 | H48: 918.35963 | I48: 929.1551 | J48: 975.91939 | K48: 1013.1736 | L48: 1021.375 | M48: 1039.2169 | N48: 986.56173 | O48: 976.19825 | P48: =SUM(D48:O48) -> 11284.55
C49: Electropuno | D49: 759.9255 | E49: 697.56756 | F49: 823.36296 | G49: 791.75204 | H49: 840.35552 | I49: 858.32623 | J49: 896.19376 | K49: 870.34385 | L49: 879.92854 | M49: 898.54854 | N49: 845.41408 | O49: 882.84753 | P49: =SUM(D49:O49) -> 10044.566
C50: Seal | D50: 1419.0864 | E50: 1271.6073 | F50: 1423.2258 | G50: 1360.9207 | H50: 1407.4234 | I50: 1370.1912 | J50: 1400.3636 | K50: 1403.049 | L50: 1372.2401 | M50: 1396.409 | N50: 1327.8621 | O50: 1453.453 | P50: =SUM(D50:O50) -> 16605.832
C51: Electro Oriente | D51: 2209.4276 | E51: 2185.7338 | F51: 1889.3388 | G51: 1927.5793 | H51: 1839.313 | I51: 1415.8472 | J51: 1643.2194 | K51: 1896.9163 | L51: 1886.4962 | M51: 1593.49 | N51: 1788.0503 | O51: 1941.3448 | P51: =SUM(D51:O51) -> 22216.757
C52: Electro Dunas | D52: 56.02609 | E52: 51.24797 | F52: 60.35824 | G52: 57.75778 | H52: 57.74867 | I52: 58.45156 | J52: 60.24701 | K52: 59.55347 | L52: 56.18082 | M52: 57.76465 | N52: 55.12693 | O52: 56.46355 | P52: =SUM(D52:O52) -> 686.92674
C53: Coelvisac | D53: 9176.2664 | E53: 6586.5279 | F53: 6120.1564 | G53: 6054.3344 | H53: 5354.6704 | I53: 4442.6855 | J53: 4978.6818 | K53: 5934.2664 | L53: 7586.5682 | M53: 9424.6581 | N53: 10075.046 | O53: 10418.293 | P53: =SUM(D53:O53) -> 86152.154
C54: A clientes Libres | D54: =+SUM(D55:D64) -> 4916.2613 | E54: =+SUM(E55:E64) -> 4691.4848 | F54: =+SUM(F55:F64) -> 5416.8898 | G54: =+SUM(G55:G64) -> 5087.7312 | H54: =+SUM(H55:H64) -> 5337.5986 | I54: =+SUM(I55:I64) -> 5189.2528 | J54: =+SUM(J55:J64) -> 5176.4176 | K54: =+SUM(K55:K64) -> 5162.1705 | ... M54: =+SUM(M55:M64) -> 4977.626 | N54: =+SUM(N55:N65) -> 4896.0911 | O54: =+SUM(O55:O65) -> 4864.909 | P54: =+SUM(P55:P65) -> 60784.305
C55: TISUR | D55: 1100.7373 | E55: 1106.0671 | F55: 1222.9029 | G55: 1158.1949 | H55: 1146.9241 | I55: 893.24269 | J55: 876.60816 | K55: 994.6903 | L55: 924.34217 | M55: 870.91852 | N55: 880.02656 | O55: 805.24576 | P55: =SUM(D55:O55) -> 11979.9
C56: MICHELL | D56: 1115.2248 | E56: 1127.8516 | F56: 1390.4486 | G56: 1292.7852 | H56: 1407.5761 | I56: 1469.6871 | J56: 1423.1244 | K56: 1331.6703 | L56: 1397.9093 | M56: 1319.0776 | N56: 1197.643 | O56: 1157.9522 | P56: =SUM(D56:O56) -> 15630.95
C57: INCALPACA | D57: 207.99199 | E57: 220.43746 | F57: 313.38253 | G57: 307.42023 | H57: 341.13599 | I57: 348.90966 | J57: 362.39371 | K57: 346.32562 | L57: 327.87547 | M57: 305.57182 | N57: 306.45332 | O57: 308.43416 | P57: =SUM(D57:O57) -> 3696.332
C58: INCATOPS | D58: 880.73917 | E58: 880.6683 | F58: 957.61935 | G58: 918.99826 | H58: 963.60316 | I58: 969.33174 | J58: 951.12009 | K58: 931.3152 | L58: 956.40115 | M58: 1003.1862 | N58: 989.30381 | O58: 974.6738 | P58: =SUM(D58:O58) -> 11376.96
C59: IBERICA | D59: 138.93512 | E59: 131.48662 | F59: 142.05346 | G59: 130.805 | H59: 166.73286 | I59: 160.67279 | J59: 160.44413 | K59: 161.87914 | L59: 166.50742 | M59: 159.15459 | N59: 176.48505 | O59: 143.52892 | P59: =SUM(D59:O59) -> 1838.6851
C60: PAMPABAJA | D60: 421.62271 | E60: 262.3299 | F60: 326.39299 | G60: 235.18349 | H60: 208.52376 | I60: 223.10753 | J60: 261.58352 | K60: 277.7724 | L60: 210.65786 | M60: 164.27637 | N60: 255.00624 | O60: 357.94068 | P60: =SUM(D60:O60) -> 3204.3974
C61: LADRILLERA DIAMANTE | D61: 945.84474 | E61: 862.38749 | F61: 958.80193 | G61: 945.99561 | H61: 981.36974 | I61: 954.33493 | J61: 976.7267 | K61: 965.74417 | L61: 915.63213 | M61: 953.06114 | N61: 899.45828 | O61: 942.75304 | P61: =SUM(D61:O61) -> 11302.11
C62: ROCATECH | D62: 105.16549 | E62: 100.25632 | F62: 105.28808 | G62: 98.34849 | H62: 121.73289 | I62: 114.31867 | J62: 106.73179 | K62: 63.77787 | L62: 80.54071 | M62: 98.69445 | N62: 39.27503 | O62: 11.76428 | P62: =SUM(D62:O62) -> 1045.8941
C63: EL DORAL | D63: 0 | E63: 0 | F63: 0 | G63: 0 | H63: 0 | I63: 55.64764 | J63: 50.57673 | K63: 62.9339 | L63: 65.12786 | M63: 79.00844 | N63: 98.14312 | O63: 106.32275 | P63: =SUM(D63:O63) -> 517.76044
C64: ELECTROPERU | D64: 0 | E64: 0 | F64: 0 | G64: 0 | H64: 0 | I64: 0 | J64: 7.1083 | K64: 26.06161 | L64: 22.87857 | M64: 24.67692 | N64: 24.6051 | O64: 25.42542 | P64: =SUM(D64:O64) -> 130.75592
C65: SAN PABLO | N65: 29.69165 | O65: 30.86796 | P65: =SUM(D65:O65) -> 60.55961
D66: =+D34/D28 -> 0.0033770407 | E66: =+E34/E28 -> 0.0038567735 | F66: =+F34/F28 -> 0.0040906281 | G66: =+G34/G28 -> 0.0029776592 | H66: =+H34/H28 -> 0.0048383646 | I66: =+I34/I28 -> 0.0049557148 | J66: =+J34/J28 -> 0.004801707 | K66: =+K34/K28 -> 0.0041641859 | ... O66: =+O34/O28 -> 0.0041170039
C68: Fuente: COES - EGASA | K68: 1000
D69: =D40-D41 -> 63470.785 | E69: =E40-E41 -> 56171.771 | F69: =F40-F41 -> 62565.857 | G69: =G40-G41 -> 58250.922 | H69: =H40-H41 -> 58242.854 | I69: =I40-I41 -> 55760.475 | J69: =J40-J41 -> 57389.996 | K69: =K40-K41 -> 58464.885 | ... O69: =O40-O41 -> 63934.925
B71: 5222.8077 | D71: =+D39-D40 -> 0 | E71: =+E39-E40 -> 0 | F71: =+F39-F40 -> 0 | G71: =+G39-G40 -> 0 | H71: =+H39-H40 -> 0 | I71: =+I39-I40 -> 0 | J71: =+J39-J40 -> 0 | K71: =+K39-K40 -> 0 | ... O71: =+O39-O40 -> 0
B72: =+B71-H54 -> -114.79084 | D72: =+D71*0.4 -> 0 | E72: =+E71*0.4 -> 0 | F72: =+F71*0.4 -> 0 | G72: =+G71*0.4 -> 0 | H72: =+H71*0.4 -> 0 | I72: =+I71*0.4 -> 0 | J72: =+J71*0.4 -> 0 | K72: =+K71*0.4 -> 0 | ... O72: =+O71*0.4 -> 0
D73: =+D71*0.6 -> 0 | E73: =+E71*0.6 -> 0 | F73: =+F71*0.6 -> 0 | G73: =+G71*0.6 -> 0 | H73: =+H71*0.6 -> 0 | I73: =+I71*0.6 -> 0 | J73: =+J71*0.6 -> 0 | K73: =+K71*0.6 -> 0 | ... O73: =+O71*0.6 -> 0
D75: =D36/D27 -> 0.0099026847 | E75: =E36/E27 -> 0.01517206 | F75: =F36/F27 -> 0.016064219 | G75: =G36/G27 -> 0.012107671 | H75: =H36/H27 -> 0.01617911 | I75: =I36/I27 -> 0.014754479 | J75: =J36/J27 -> 0.015000297 | K75: =K36/K27 -> 0.014326347 | ... O75: =O36/O27 -> 0.014299667
C76: 1000
D79: =+D54+D44+D42 -> 102356.64 | E79: =+E54+E44+E42 -> 76097.298 | F79: =+F54+F44+F42 -> 75912.154 | G79: =+G54+G44+G42 -> 106189.31 | H79: =+H54+H44+H42 -> 70287.805 | I79: =+I54+I44+I42 -> 68623.096 | J79: =+J54+J44+J42 -> 70776.818 | K79: =+K54+K44+K42 -> 81316.195 | ... N79: =+N54+N44+N42 -> 79173.578
B82: 0.37498031 | D82: =+SUM(D45:D52)*$B82 -> 18515.874 | E82: =+SUM(E45:E52)*$B82 -> 16834.276 | F82: =+SUM(F45:F52)*$B82 -> 19134.8 | G82: =+SUM(G45:G52)*$B82 -> 17664.894 | H82: =+SUM(H45:H52)*$B82 -> 17830.533 | I82: =+SUM(I45:I52)*$B82 -> 17297.293 | J82: =+SUM(J45:J52)*$B82 -> 17712.156 | K82: =+SUM(K45:K52)*$B82 -> 17762.235 | ... N82: =+SUM(N45:N52)*$B82 -> 17482.542 | O82: =+N82*1.03333333333333 -> 18065.294 | P82: =+SUM(D82:O82) -> 213503.79
B83: 0.62501969 | D83: =+SUM(D45:D52)*$B83 -> 30862.383 | E83: =+SUM(E45:E52)*$B83 -> 28059.483 | F83: =+SUM(F45:F52)*$B83 -> 31894.012 | G83: =+SUM(G45:G52)*$B83 -> 29443.963 | H83: =+SUM(H45:H52)*$B83 -> 29720.052 | I83: =+SUM(I45:I52)*$B83 -> 28831.244 | J83: =+SUM(J45:J52)*$B83 -> 29522.741 | K83: =+SUM(K45:K52)*$B83 -> 29606.213 | ... N83: =+SUM(N45:N52)*$B83 -> 29140.018 | O83: =+N83*1.03333333333333 -> 30111.352 | P83: =+SUM(D83:O83) -> 355869.55

Sheet 2021-R1
C3: PRODUCCIÓN MENSUAL DE ENERGÍA ELÉCTRICA EN EGASA
C4: AÑO 2017 (MWh)
C6: CENTRALES | D6: Enero | E6: Febrero | F6: Marzo | G6: Abril | H6: Mayo | I6: Junio | J6: Julio | K6: Agosto | L6: Septiembre | M6: Octubre | N6: Noviembre | O6: Diciembre | P6: Acumulado
C7: Hidráulica
C8: Charcani I | D8: =+'2021'!D8 -> 1233.1026 | E8: =+'2021'!E8 -> 1097.8118 | F8: =+'2021'!F8 -> 1179.0509 | G8: =+'2021'!G8 -> 1184.7244 | H8: =+'2021'!H8 -> 1252.9575 | I8: =+'2021'!I8 -> 1180.0157 | J8: =+'2021'!J8 -> 1210.7493 | K8: =+'2021'!K8 -> 1211.6106 | ... O8: =+'2021'!O8 -> 1186.9237 | P8: =+SUM(D8:O8) -> 14170.367
C9: Charcani II | D9: =+'2021'!D9 -> 419.48753 | E9: =+'2021'!E9 -> 382.36458 | F9: =+'2021'!F9 -> 416.14058 | G9: =+'2021'!G9 -> 406.44832 | H9: =+'2021'!H9 -> 422.59609 | I9: =+'2021'!I9 -> 409.94979 | J9: =+'2021'!J9 -> 424.82106 | K9: =+'2021'!K9 -> 429.95356 | ... O9: =+'2021'!O9 -> 426.68924 | P9: =+SUM(D9:O9) -> 5002.1087
C10: Charcani III | D10: =+'2021'!D10 -> 3416.5508 | E10: =+'2021'!E10 -> 3057.3522 | F10: =+'2021'!F10 -> 3412.1625 | G10: =+'2021'!G10 -> 3321.1459 | H10: =+'2021'!H10 -> 3472.1455 | I10: =+'2021'!I10 -> 3328.5986 | J10: =+'2021'!J10 -> 3443.9153 | K10: =+'2021'!K10 -> 3401.1506 | ... O10: =+'2021'!O10 -> 3436.2717 | P10: =+SUM(D10:O10) -> 40405.759
C11: Charcani IV | D11: =+'2021'!D11 -> 11080.669 | E11: =+'2021'!E11 -> 9244.1965 | F11: =+'2021'!F11 -> 8516.1475 | G11: =+'2021'!G11 -> 10519.902 | H11: =+'2021'!H11 -> 8098.4376 | I11: =+'2021'!I11 -> 8454.897 | J11: =+'2021'!J11 -> 8718.5719 | K11: =+'2021'!K11 -> 9912.0978 | ... O11: =+'2021'!O11 -> 8460.9802 | P11: =+SUM(D11:O11) -> 112358.51
C12: Charcani V | D12: =+'2021'!D12 -> 81604.067 | E12: =+'2021'!E12 -> 58450.056 | F12: =+'2021'!F12 -> 59178.475 | G12: =+'2021'!G12 -> 86516.136 | H12: =+'2021'!H12 -> 53418.913 | I12: =+'2021'!I12 -> 51695.819 | J12: =+'2021'!J12 -> 53378.969 | K12: =+'2021'!K12 -> 62358.639 | ... O12: =+'2021'!O12 -> 62667.343 | P12: =+SUM(D12:O12) -> 752208.44
C13: Charcani VI | D13: =+'2021'!D13 -> 5977.5722 | E13: =+'2021'!E13 -> 5336.1503 | F13: =+'2021'!F13 -> 4742.5635 | G13: =+'2021'!G13 -> 5851.002 | H13: =+'2021'!H13 -> 5140.3485 | I13: =+'2021'!I13 -> 4965.9738 | J13: =+'2021'!J13 -> 5124.0305 | K13: =+'2021'!K13 -> 5364.54 | ... O13: =+'2021'!O13 -> 6008.498 | P13: =+SUM(D13:O13) -> 63576.767
C14: Total Hidraúlica | D14: =SUM(D8:D13) -> 103731.45 | E14: =SUM(E8:E13) -> 77567.932 | F14: =SUM(F8:F13) -> 77444.54 | G14: =SUM(G8:G13) -> 107799.36 | H14: =SUM(H8:H13) -> 71805.398 | I14: =SUM(I8:I13) -> 70035.253 | J14: =SUM(J8:J13) -> 72301.057 | K14: =SUM(K8:K13) -> 82677.991 | ... O14: =SUM(O8:O13) -> 82186.706 | P14: =+SUM(D14:O14) -> 987721.95
C15: Térmica
C16: T.Vapor | D16: =+'2021'!D16 -> 0 | E16: =+'2021'!E16 -> 0 | F16: =+'2021'!F16 -> 0 | G16: =+'2021'!G16 -> 0 | H16: =+'2021'!H16 -> 0 | I16: =+'2021'!I16 -> 0 | J16: =+'2021'!J16 -> 0 | K16: =+'2021'!K16 -> 0 | ... O16: =+'2021'!O16 -> 0 | P16: =+SUM(D16:O16) -> 0
C17: T.G.-Ciclo Combinado | D17: =+'2021'!D17 -> 0 | E17: =+'2021'!E17 -> 1.9170345 | F17: =+'2021'!F17 -> 25.870296 | G17: =+'2021'!G17 -> 16.659714 | H17: =+'2021'!H17 -> 26.078885 | I17: =+'2021'!I17 -> 1.5885763 | J17: =+'2021'!J17 -> 0 | K17: =+'2021'!K17 -> 2.6681024 | ... O17: =+'2021'!O17 -> 31.281688 | P17: =+SUM(D17:O17) -> 127.01614
C18: Sulzers | D18: =+'2021'!D18 -> 0 | E18: =+'2021'!E18 -> 4.1758847 | F18: =+'2021'!F18 -> 0 | G18: =+'2021'!G18 -> 1.6534859 | H18: =+'2021'!H18 -> 0 | I18: =+'2021'!I18 -> 2.2837406 | J18: =+'2021'!J18 -> 12.729358 | K18: =+'2021'!K18 -> 10.286798 | ... O18: =+'2021'!O18 -> 2.47019 | P18: =+SUM(D18:O18) -> 46.411418
C19: C.T. Mollendo | D19: =+'2021'!D19 -> 2.9758904 | E19: =+'2021'!E19 -> 0 | F19: =+'2021'!F19 -> 3.6601343 | G19: =+'2021'!G19 -> 0 | H19: =+'2021'!H19 -> 25.838618 | I19: =+'2021'!I19 -> 0 | J19: =+'2021'!J19 -> 56.883054 | K19: =+'2021'!K19 -> 0 | ... O19: =+'2021'!O19 -> 20.000377 | P19: =+SUM(D19:O19) -> 181.85236
C20: C.T. Pisco | D20: =+'2021'!D20 -> 0 | E20: =+'2021'!E20 -> 0 | F20: =+'2021'!F20 -> 0 | G20: =+'2021'!G20 -> 0 | H20: =+'2021'!H20 -> 0 | I20: =+'2021'!I20 -> 0 | J20: =+'2021'!J20 -> 0 | K20: =+'2021'!K20 -> 0 | ... O20: =+'2021'!O20 -> 0 | P20: =+SUM(D20:O20) -> 0
C21: Total Térmica | D21: =SUM(D16:D20) -> 2.9758904 | E21: =SUM(E16:E20) -> 6.0929192 | F21: =SUM(F16:F20) -> 29.53043 | G21: =SUM(G16:G20) -> 18.3132 | H21: =SUM(H16:H20) -> 51.917503 | I21: =SUM(I16:I20) -> 3.8723168 | J21: =SUM(J16:J20) -> 69.612412 | K21: =SUM(K16:K20) -> 12.9549 | ... O21: =SUM(O16:O20) -> 53.752255 | P21: =+SUM(D21:O21) -> 355.27991
C22: TOTAL EGASA | D22: =+D14+D21 -> 103734.43 | E22: =+E14+E21 -> 77574.025 | F22: =+F14+F21 -> 77474.07 | G22: =+G14+G21 -> 107817.67 | H22: =+H14+H21 -> 71857.315 | I22: =+I14+I21 -> 70039.126 | J22: =+J14+J21 -> 72370.67 | K22: =+K14+K21 -> 82690.946 | ... O22: =+O14+O21 -> 82240.458 | P22: =+SUM(D22:O22) -> 988077.23
C24: BALANCE DE ENERGÍA EN MWh - AÑO 2021
C26: DESCRIPCIÓN | D26: Enero | E26: Febrero | F26: Marzo | G26: Abril | H26: Mayo | I26: Junio | J26: Julio | K26: Agosto | L26: Septiembre | M26: Octubre | N26: Noviembre | O26: Diciembre | P26: Acumulado
C27: Energía producida | D27: =+D28+D29 -> 103734.43 | E27: =+E28+E29 -> 77574.025 | F27: =+F28+F29 -> 77474.07 | G27: =+G28+G29 -> 107817.67 | H27: =+H28+H29 -> 71857.315 | I27: =+I28+I29 -> 70039.126 | J27: =+J28+J29 -> 72370.67 | K27: =+K28+K29 -> 82690.946 | ... O27: =+O28+O29 -> 82240.458 | P27: =SUM(D27:O27) -> 988077.23 | R27: 988077.23
C28: Hidroeléctrica | D28: =+D14 -> 103731.45 | E28: =+E14 -> 77567.932 | F28: =+F14 -> 77444.54 | G28: =+G14 -> 107799.36 | H28: =+H14 -> 71805.398 | I28: =+I14 -> 70035.253 | J28: =+J14 -> 72301.057 | K28: =+K14 -> 82677.991 | ... O28: =+O14 -> 82186.706 | P28: =SUM(D28:O28) -> 987721.95 | R28: 987721.95
C29: Termoeléctrica | D29: =+D21 -> 2.9758904 | E29: =+E21 -> 6.0929192 | F29: =+F21 -> 29.53043 | G29: =+G21 -> 18.3132 | H29: =+H21 -> 51.917503 | I29: =+I21 -> 3.8723168 | J29: =+J21 -> 69.612412 | K29: =+K21 -> 12.9549 | ... O29: =+O21 -> 53.752255 | P29: =SUM(D29:O29) -> 355.27991 | R29: 355.28
C30: Compra de energía | D30: =+SUM(D31:D32) -> 0 | E30: =+SUM(E31:E32) -> 0 | F30: =+SUM(F31:F32) -> 0 | G30: =+SUM(G31:G32) -> 0 | H30: =+SUM(H31:H32) -> 0 | I30: =+SUM(I31:I32) -> 0 | J30: =+SUM(J31:J32) -> 158.34956 | K30: =+SUM(K31:K32) -> 156.82954 | ... P30: =+SUM(P31:P32) -> 913.59532
C31: COES | D31: 0 | E31: 0 | F31: 0 | G31: 0 | H31: 0 | I31: 0 | J31: 0 | K31: 0 | L31: 0 | M31: 0 | N31: 0 | O31: 0 | P31: =SUM(D31:O31) -> 0
C32: Electroperu | D32: 0 | E32: 0 | F32: 0 | G32: 0 | H32: 0 | I32: 0 | J32: 158.34956 | K32: 156.82954 | L32: 149.9876 | M32: 153.82518 | N32: 145.40158 | O32: 149.20185 | P32: =SUM(D32:O32) -> 913.59532
C33: Consumo propio de centrales | D33: =+D34+D35 -> 350.53759 | E33: =+E34+E35 -> 299.76849 | F33: =+F34+F35 -> 317.35592 | G33: =+G34+G35 -> 322.94379 | H33: =+H34+H35 -> 406.92322 | I33: =+I34+I35 -> 382.6391 | J33: =+J34+J35 -> 508.27011 | K33: =+K34+K35 -> 346.40588 | ... O33: =+O34+O35 -> 419.4548 | P33: =SUM(D33:O33) -> 4491.419
C34: Hidroeléctrica | D34: =+'2021'!D34 -> 350.30533 | E34: =+'2021'!E34 -> 299.16194 | F34: =+'2021'!F34 -> 316.79681 | G34: =+'2021'!G34 -> 320.98975 | H34: =+'2021'!H34 -> 347.42069 | I34: =+'2021'!I34 -> 347.07474 | J34: =+'2021'!J34 -> 347.16849 | K34: =+'2021'!K34 -> 344.28653 | ... O34: =+'2021'!O34 -> 338.36299 | P34: =SUM(D34:O34) -> 3992.7634
C35: Termoeléctrica | D35: =+'2021'!D35 -> 0.23226003 | E35: =+'2021'!E35 -> 0.60654239 | F35: =+'2021'!F35 -> 0.55911512 | G35: =+'2021'!G35 -> 1.954036 | H35: =+'2021'!H35 -> 59.502526 | I35: =+'2021'!I35 -> 35.564354 | J35: =+'2021'!J35 -> 161.10162 | K35: =+'2021'!K35 -> 2.1193508 | ... O35: =+'2021'!O35 -> 81.091809 | P35: =SUM(D35:O35) -> 498.65562
C36: Pérdidas Sistemas Transmisión | D36: =+D37+D38 -> 1017.1825 | E36: =+E37+E38 -> 1176.9578 | F36: =+F37+F38 -> 1212.4324 | G36: =+G37+G38 -> 1311.4203 | H36: =+H37+H38 -> 1160.8976 | I36: =+I37+I38 -> 1031.408 | J36: =+J37+J38 -> 1239.2948 | K36: =+K37+K38 -> 1195.0766 | ... O36: =+O37+O38 -> 1173.618 | P36: =SUM(D36:O36) -> 13951.711
C37: En muy alta tensión | D37: 406.87298 | E37: 470.78311 | F37: 484.97298 | G37: 524.5681 | H37: 464.35906 | I37: 412.56321 | J37: 495.71793 | K37: 478.03064 | L37: 409.32019 | M37: 495.49233 | N37: 468.55682 | O37: 469.44721 | P37: =SUM(D37:O37) -> 5580.6846
C38: En alta tensión | D38: 610.30947 | E38: 706.17466 | F38: 727.45946 | G38: 786.85216 | H38: 696.53859 | I38: 618.84482 | J38: 743.5769 | K38: 717.04595 | L38: 613.98028 | M38: 743.2385 | N38: 702.83522 | O38: 704.17082 | P38: =SUM(D38:O38) -> 8371.0268
C39: Energía total disponible | D39: =+D27+D30-D33-D36 -> 102366.71 | E39: =+E27+E30-E33-E36 -> 76097.298 | F39: =+F27+F30-F33-F36 -> 75944.282 | G39: =+G27+G30-G33-G36 -> 106183.31 | H39: =+H27+H30-H33-H36 -> 70289.494 | I39: =+I27+I30-I33-I36 -> 68625.079 | J39: =+J27+J30-J33-J36 -> 70781.454 | K39: =+K27+K30-K33-K36 -> 81306.293 | ... O39: =+O27+O30-O33-O36 -> 80796.587 | P39: =SUM(D39:O39) -> 970547.7
C40: Venta de energía | D40: =+D41+D44+D54 -> 102366.71 | E40: =+E41+E44+E54 -> 76097.298 | F40: =+F41+F44+F54 -> 75944.282 | G40: =+G41+G44+G54 -> 106183.31 | H40: =+H41+H44+H54 -> 70289.494 | I40: =+I41+I44+I54 -> 68625.079 | J40: =+J41+J44+J54 -> 70781.454 | K40: =+K41+K44+K54 -> 81306.293 | ... O40: =+O41+O44+O54 -> 80796.587 | P40: =SUM(D40:O40) -> 970547.7
C41: A Emp. Generadoras | D41: =+D42+D43 -> 38885.853 | E41: =+E42+E43 -> 19925.527 | F41: =+F42+F43 -> 13346.296 | G41: =+G42+G43 -> 47938.386 | H41: =+H42+H43 -> 12044.951 | I41: =+I42+I43 -> 12862.621 | J41: =+J42+J43 -> 13386.822 | K41: =+K42+K43 -> 22851.31 | ... O41: =+O42+O43 -> 16859.699 | P41: =SUM(D41:O41) -> 253672.4
C42: COES | D42: 38885.853 | E42: 19925.527 | F42: 13346.296 | G42: 47938.386 | H42: 12044.951 | I42: 12862.621 | J42: 13386.822 | K42: 22851.31 | L42: 19268.611 | M42: 18722.449 | N42: 17579.88 | O42: 16859.699 | P42: =SUM(D42:O42) -> 253672.4
C43: Electroperú (SWAP) | D43: 0 | E43: 0 | F43: 0 | G43: 0 | H43: 0 | I43: 0 | J43: 0 | K43: 0 | L43: 0 | M43: 0 | N43: 0 | P43: =SUM(D43:O43) -> 0
C44: A emp. Distribuidoras: | D44: =SUM(D45:D53) -> 58564.591 | E44: =SUM(E45:E53) -> 51480.286 | F44: =SUM(F45:F53) -> 57181.096 | G44: =SUM(G45:G53) -> 53157.192 | H44: =SUM(H45:H53) -> 52902.226 | I44: =SUM(I45:I53) -> 50573.205 | J44: =SUM(J45:J53) -> 52218.215 | K44: =SUM(K45:K53) -> 53292.813 | ... P44: =SUM(P45:P53) -> 656086.27
C45: Edelnor | D45: 11798.49 | E45: 10713.771 | F45: 12331.584 | G45: 11334.682 | H45: 11445.131 | I45: 11117.628 | J45: 11248.599 | K45: 11221.017 | L45: 10983.791 | M45: 11310.518 | N45: 11190.639 | O45: 11644.308 | P45: =SUM(D45:O45) -> 136340.16
C46: Luz del Sur | D46: 31016.131 | E46: 28069.629 | F46: 32393.366 | G46: 29603.631 | H46: 29860.241 | I46: 29259.327 | J46: 29854.746 | K46: 29754.319 | L46: 29201.738 | M46: 29863.033 | N46: 29256.472 | O46: 30441.006 | P46: =SUM(D46:O46) -> 358573.64
C47: Electrosur | D47: 1236.448 | E47: 1117.4282 | F47: 1248.6028 | G47: 1162.4015 | H47: 1173.0713 | I47: 1121.3705 | J47: 1155.6085 | K47: 1150.0757 | L47: 1139.3791 | M47: 1185.7368 | N47: 1172.4338 | O47: 1256.1021 | P47: =SUM(D47:O47) -> 14118.658
C48: Electrosur Este | D48: 892.78965 | E48: 786.77377 | F48: 891.10141 | G48: 864.1331 | H48: 918.35963 | I48: 929.1551 | J48: 975.91939 | K48: 1013.1736 | L48: 1021.375 | M48: 1039.3546 | N48: 986.56173 | O48: 978.16109 | P48: =SUM(D48:O48) -> 11296.858
C49: Electropuno | D49: 759.9255 | E49: 697.56756 | F49: 823.36296 | G49: 791.75204 | H49: 840.35552 | I49: 858.32623 | J49: 896.19376 | K49: 870.34385 | L49: 879.92854 | M49: 898.54854 | N49: 845.77976 | O49: 882.84753 | P49: =SUM(D49:O49) -> 10044.932
C50: Seal | D50: 1419.0864 | E50: 1271.6073 | F50: 1423.2258 | G50: 1360.9207 | H50: 1411.2666 | I50: 1370.4137 | J50: 1404.9999 | K50: 1393.1474 | L50: 1372.2401 | M50: 1396.409 | N50: 1377.3433 | O50: 1453.453 | P50: =SUM(D50:O50) -> 16654.113
C51: Electro Oriente | D51: 2209.4276 | E51: 2185.7338 | F51: 1889.3388 | G51: 1927.5794 | H51: 1838.9596 | I51: 1415.8472 | J51: 1643.2194 | K51: 1896.9163 | L51: 1886.4962 | M51: 1593.49 | N51: 1788.0503 | O51: 1941.3448 | P51: =SUM(D51:O51) -> 22216.403
C52: Electro Dunas | D52: 56.02609 | E52: 51.24797 | F52: 60.35824 | G52: 57.75778 | H52: 57.74867 | I52: 58.45156 | J52: 60.24701 | K52: 59.55347 | L52: 56.18082 | M52: 57.76465 | N52: 55.12693 | O52: 56.46355 | P52: =SUM(D52:O52) -> 686.92674
C53: Coelvisac | D53: 9176.2664 | E53: 6586.5279 | F53: 6120.1564 | G53: 6054.3344 | H53: 5357.0922 | I53: 4442.6855 | J53: 4978.6818 | K53: 5934.2664 | L53: 7586.5682 | M53: 9424.6581 | N53: 10075.046 | O53: 10418.293 | P53: =SUM(D53:O53) -> 86154.576
C54: A clientes Libres | D54: =+SUM(D55:D65) -> 4916.2613 | E54: =+SUM(E55:E65) -> 4691.4848 | F54: =+SUM(F55:F65) -> 5416.8898 | G54: =+SUM(G55:G65) -> 5087.7312 | H54: =+SUM(H55:H65) -> 5342.3181 | I54: =+SUM(I55:I65) -> 5189.2528 | J54: =+SUM(J55:J65) -> 5176.4176 | K54: =+SUM(K55:K65) -> 5162.1705 | ... P54: =+SUM(P55:P65) -> 60789.025
C55: TISUR | D55: 1100.7373 | E55: 1106.0671 | F55: 1222.9029 | G55: 1158.1949 | H55: 1147.9442 | I55: 893.24269 | J55: 876.60816 | K55: 994.6903 | L55: 924.34217 | M55: 870.91852 | N55: 880.02656 | O55: 805.24576 | P55: =SUM(D55:O55) -> 11980.921
C56: MICHELL | D56: 1115.2248 | E56: 1127.8516 | F56: 1390.4486 | G56: 1292.7852 | H56: 1408.828 | I56: 1469.6871 | J56: 1423.1244 | K56: 1331.6703 | L56: 1397.9093 | M56: 1319.0776 | N56: 1197.643 | O56: 1157.9522 | P56: =SUM(D56:O56) -> 15632.202
C57: INCALPACA | D57: 207.99199 | E57: 220.43746 | F57: 313.38253 | G57: 307.42023 | H57: 341.4394 | I57: 348.90966 | J57: 362.39371 | K57: 346.32562 | L57: 327.87547 | M57: 305.57182 | N57: 306.45332 | O57: 308.43416 | P57: =SUM(D57:O57) -> 3696.6354
C58: INCATOPS | D58: 880.73917 | E58: 880.6683 | F58: 957.61935 | G58: 918.99826 | H58: 964.46021 | I58: 969.33174 | J58: 951.12009 | K58: 931.3152 | L58: 956.40115 | M58: 1003.1862 | N58: 989.30381 | O58: 974.6738 | P58: =SUM(D58:O58) -> 11377.817
C59: IBERICA | D59: 138.93512 | E59: 131.48662 | F59: 142.05346 | G59: 130.805 | H59: 166.88115 | I59: 160.67279 | J59: 160.44413 | K59: 161.87914 | L59: 166.50742 | M59: 159.15459 | N59: 176.48505 | O59: 143.52892 | P59: =SUM(D59:O59) -> 1838.8334
C60: PAMPABAJA | D60: 421.62271 | E60: 262.3299 | F60: 326.39299 | G60: 235.18349 | H60: 208.68147 | I60: 223.10753 | J60: 261.58352 | K60: 277.7724 | L60: 210.65786 | M60: 164.27637 | N60: 255.00624 | O60: 357.94068 | P60: =SUM(D60:O60) -> 3204.5552
C61: LADRILLERA DIAMANTE | D61: 945.84474 | E61: 862.38749 | F61: 958.80193 | G61: 945.99561 | H61: 982.24257 | I61: 954.33493 | J61: 976.7267 | K61: 965.74417 | L61: 915.63213 | M61: 953.06114 | N61: 899.45828 | O61: 942.75304 | P61: =SUM(D61:O61) -> 11302.983
C62: ROCATECH | D62: 105.16549 | E62: 100.25632 | F62: 105.28808 | G62: 98.34849 | H62: 121.84115 | I62: 114.31867 | J62: 106.73179 | K62: 63.77787 | L62: 80.54071 | M62: 98.69445 | N62: 39.27503 | O62: 11.76428 | P62: =SUM(D62:O62) -> 1046.0023
C63: EL DORAL | D63: 0 | E63: 0 | F63: 0 | G63: 0 | H63: 0 | I63: 55.64764 | J63: 50.57673 | K63: 62.9339 | L63: 65.12786 | M63: 79.00844 | N63: 98.14312 | O63: 106.32275 | P63: =SUM(D63:O63) -> 517.76044
C64: ELECTROPERU | D64: 0 | E64: 0 | F64: 0 | G64: 0 | H64: 0 | I64: 0 | J64: 7.1083 | K64: 26.06161 | L64: 22.87857 | M64: 24.67692 | N64: 24.6051 | O64: 25.42542 | P64: =SUM(D64:O64) -> 130.75592
C65: SAN PABLO | N65: 29.69165 | O65: 30.86796 | P65: =SUM(D65:O65) -> 60.55961
C67: Fuente: COES - EGASA
D68: =D40-D41 -> 63480.852 | E68: =E40-E41 -> 56171.771 | F68: =F40-F41 -> 62597.985 | G68: =G40-G41 -> 58244.923 | H68: =H40-H41 -> 58244.544 | I68: =I40-I41 -> 55762.458 | J68: =J40-J41 -> 57394.633 | K68: =K40-K41 -> 58454.983 | ... O68: =O40-O41 -> 63936.888
D70: =+D39-D40 -> 0 | E70: =+E39-E40 -> 0 | F70: =+F39-F40 -> 0 | G70: =+G39-G40 -> 0 | H70: =+H39-H40 -> 0 | I70: =+I39-I40 -> 0 | J70: =+J39-J40 -> 0 | K70: =+K39-K40 -> 0 | ... O70: =+O39-O40 -> 0
D71: =+D70*0.4 -> 0 | E71: =+E70*0.4 -> 0 | F71: =+F70*0.4 -> 0 | G71: =+G70*0.4 -> 0 | H71: =+H70*0.4 -> 0 | I71: =+I70*0.4 -> 0 | J71: =+J70*0.4 -> 0 | K71: =+K70*0.4 -> 0 | ... O71: =+O70*0.4 -> 0
D72: =+D70*0.6 -> 0 | E72: =+E70*0.6 -> 0 | F72: =+F70*0.6 -> 0 | G72: =+G70*0.6 -> 0 | H72: =+H70*0.6 -> 0 | I72: =+I70*0.6 -> 0 | J72: =+J70*0.6 -> 0 | K72: =+K70*0.6 -> 0 | ... O72: =+O70*0.6 -> 0
D74: =D36/D27 -> 0.0098056402 | E74: =E36/E27 -> 0.01517206 | F74: =F36/F27 -> 0.015649526 | G74: =G36/G27 -> 0.012163315 | H74: =H36/H27 -> 0.016155594 | I74: =I36/I27 -> 0.014726169 | J74: =J36/J27 -> 0.017124269 | K74: =K36/K27 -> 0.014452327 | ... O74: =O36/O27 -> 0.014270568
