Workbook
Name balance: #REF!
Name balance1: #REF!
Name bbamp: #REF!
Name bpill: [8]PILLONES!$A$3:$D$36
Name bpill2: #REF!
Name cmarginales: #REF!
Name d: '[7]PROD 98'!$B$1:$O$23
Name DS: '[6]pag 12 '!$A$1:$E$18
Name energia: #REF!
Name Evolución_de_demanda_de_Energía_del_COES_SUR.: #REF!
Name Evolución_de_demanda_de_Potencia_del_COES_SUR.: #REF!
Name _PAG1: '[1]PRODUCCION 96'!$B$1:$O$24
Name _PAG11: #REF!
Name _PAG12: #REF!
Name _PAG13: #REF!
Name _PAG14: #REF!
Name _PAG15: #REF!
Name _PAG16: #REF!
Name _PAG19: #REF!
Name pag19x: #REF!
Name _PAG2: #REF!
Name _pag20: #REF!
Name pag20a: '[3]pag-08'!$A$1:$H$25
Name _pag21: #REF!
Name _PAG22: #REF!
Name _PAG3: #REF!
Name _PAG4: #REF!
Name _PAG5: #REF!
Name _PAG6: #REF!
Name _PAG7: #REF!
Name _PAG8: #REF!
Name _PAG9: #REF!
Name Potencia: #REF!
Name _SIS98: #REF!
Name termicos: #REF!
Name WD: '[5]1996'!$B$1:$O$23
Name xxxxx: #REF!

Sheet AB
B1: CONTROL HIDROLOGICO
B2: REPRESA DE AGUADA BLANCA
B3: VOLUMENES ALMACENADOS ( , 000 m3 )
B5: AÑO | C5: ENERO | D5: FEBRERO | E5: MARZO | F5: ABRIL | G5: MAYO | H5: JUNIO | I5: JULIO | J5: AGOSTO | K5: SETIEMBRE | L5: OCTUBRE | M5: NOVIEMBRE | N5: DICIEMBRE
B6: 1968
B7: 1969
B8: 1970
B9: 1971
B10: 1972 | C10: 27060 | D10: 44235 | E10: 42425 | F10: 44400 | G10: 33560 | H10: 18122 | I10: 5550 | J10: 1940 | K10: 0 | L10: 0 | M10: 1779 | N10: 0
B11: 1973 | C11: 29380 | D11: 46920 | E11: 45775 | F11: 43090 | G11: 41575 | H11: 18148 | I11: 20610 | J11: 25280 | K11: 22680 | L11: 7962 | M11: 4266 | N11: 5857
B12: 1974 | C12: 18886 | D12: 36575 | E12: 42225 | F12: 36625 | G12: 29740 | H12: 13120 | I12: 4287 | J12: 5310 | K12: 6632 | L12: 7582 | M12: 6277 | N12: 4635
B13: 1975 | C13: 13156 | D13: 44350 | E13: 42160 | F13: 21420 | G13: 11972 | H13: 12728 | I13: 18176 | J13: 41160 | K13: 38460 | L13: 20940 | M13: 7829 | N13: 11588
B14: 1976 | C14: 42890 | D14: 40350 | E14: 43600 | F14: 34800 | G14: 16820 | H14: 11864 | I14: 20166 | J14: 28080 | K14: 37100 | L14: 28960 | M14: 12968 | N14: 6247
B15: 1977 | C15: 7402 | D15: 39160 | E15: 43725 | F15: 32820 | G15: 25960 | H15: 24940 | I15: 23280 | J15: 27160 | K15: 27420 | L15: 23700 | M15: 15280 | N15: 10364
B16: 1978 | C16: 32100 | D16: 32460 | E16: 23100 | F16: 20920 | G16: 11792 | H16: 15406 | I16: 17552 | J16: 18208 | K16: 17792 | L16: 13288 | M16: 13670 | N16: 8105
B17: 1979 | C17: 13144 | D17: 11880 | E17: 32740 | F17: 23780 | G17: 10580 | H17: 6889 | I17: 5812 | J17: 5432 | K17: 4635 | L17: 6217 | M17: 5602 | N17: 6165
B18: 1980 | C18: 5062 | D18: 4761 | E18: 13228 | F18: 9170 | G18: 4316 | H18: 6319 | I18: 6433 | J18: 5512 | K18: 6642 | L18: 9120 | M18: 6037 | N18: 5430
B19: 1981 | C19: 13504 | D19: 43750 | E19: 35160 | F19: 37320 | G19: 19572 | H19: 9080 | I19: 9536 | J19: 13936 | K19: 8600 | L19: 4734 | M19: 5662 | N19: 7126
B20: 1982 | C20: 17600 | D20: 6827 | E20: 12504 | F20: 11084 | G20: 2246 | H20: 0 | I20: 0 | J20: 0 | K20: 0 | L20: 0 | M20: 0 | N20: 4442
B21: 1983 | C21: 5415 | D21: 6217 | E21: 4420 | F21: 7478 | G21: 10004 | H21: 11036 | I21: 11588 | J21: 11528 | K21: 11396 | L21: 8950 | M21: 5655 | N21: 4305
... B62: 2024 | C62: 15309.437 | D62: 13650.829 | E62: 22785.976 | F62: 18309.01 | G62: 16463.647 | H62: 18046.583 | I62: 15105.18 | J62: 12260.315 | K62: 12375.353 | L62: 6227.917 | M62: 9978.605 | N62: 9184.534
B63: 2025 | C63: 15086.73 | D63: 17328.906 | E63: 22740.397 | F63: 18924.955 | G63: 15573.721 | H63: 9993.006 | I63: 14223.16 | J63: 16835.935 | K63: 16737.789 | L63: 15346.893 | M63: 9394.982

Sheet EF
B1: CONTROL HIDROLOGICO
B2: REPRESA DE EL FRAYLE
B3: VOLUMENES ALMACENADOS ( ,000 m3 )
B5: AÑO | C5: ENERO | D5: FEBRERO | E5: MARZO | F5: ABRIL | G5: MAYO | H5: JUNIO | I5: JULIO | J5: AGOSTO | K5: SETIEMBRE | L5: OCTUBRE | M5: NOVIEMBRE | N5: DICIEMBRE
B6: 1968
B7: 1969
B8: 1970 | C8: 43960 | D8: 58200 | E8: 75560 | F8: 73600 | G8: 61920 | H8: 51060 | I8: 41250 | J8: 31720 | K8: 18810 | L8: 10360 | M8: 6021 | N8: 1910
B9: 1971 | C9: 12980 | D9: 35200 | E9: 54300 | F9: 57660 | G9: 51180 | H9: 32240 | I9: 22335 | J9: 6460 | K9: 6280 | L9: 8100 | M9: 9740 | N9: 7480
B10: 1972 | C10: 26840 | D10: 50220 | E10: 115700 | F10: 129960 | G10: 131760 | H10: 131400 | I10: 117600 | J10: 103920 | K10: 91600 | L10: 73670 | M10: 85700 | N10: 68070
B11: 1973 | C11: 87440 | D11: 130320 | E11: 146520 | F11: 146400 | G11: 147000 | H11: 140160 | I11: 108160 | J11: 87360 | K11: 87120 | L11: 76400 | M11: 57000 | N11: 44820
B12: 1974 | C12: 98160 | D12: 135560 | E12: 162620 | F12: 167840 | G12: 168080 | H12: 164335 | I12: 135080 | J12: 111800 | K12: 95920 | L12: 85360 | M12: 75000 | N12: 59760
B13: 1975 | C13: 67400 | D13: 119300 | E13: 161820 | F13: 168790 | G13: 159400 | H13: 144600 | I13: 118700 | J13: 75490 | K13: 46840 | L13: 34360 | M13: 28120 | N13: 22269
B14: 1976 | C14: 41200 | D14: 62120 | E14: 84480 | F14: 92560 | G14: 94880 | H14: 90800 | I14: 75910 | J14: 59760 | K14: 43120 | L14: 30480 | M14: 27320 | N14: 22369
B15: 1977 | C15: 17100 | D15: 53460 | E15: 103200 | F15: 108640 | G15: 103360 | H15: 93920 | I15: 82640 | J15: 63000 | K15: 47280 | L15: 39150 | M15: 43540 | N15: 37760
B16: 1978 | C16: 58480 | D16: 69540 | E16: 73370 | F16: 78710 | G16: 78360 | H16: 65700 | I16: 52980 | J16: 40150 | K16: 27920 | L16: 17650 | M16: 15625 | N16: 19020
B17: 1979 | C17: 22602 | D17: 26280 | E17: 41150 | F17: 44260 | G17: 46320 | H17: 41100 | I17: 34160 | J17: 24367 | K17: 17125 | L17: 13875 | M17: 11360 | N17: 8780
B18: 1980 | C18: 9300 | D18: 7980 | E18: 17925 | F18: 20940 | G18: 20040 | H18: 13250 | I18: 8420 | J18: 5640 | K18: 3900 | L18: 9820 | M18: 11560 | N18: 10900
B19: 1981 | C19: 22968 | D19: 61560 | E19: 82000 | F19: 89840 | G19: 91200 | H19: 91320 | I19: 85840 | J19: 77520 | K19: 75140 | L19: 66700 | M19: 50220 | N19: 37240
... B62: 2024 | C62: 64637.762 | D62: 88908.512 | E62: 146213.04 | F62: 134678.13 | G62: 129351.76 | H62: 117222.81 | I62: 104451.29 | J62: 84729.127 | K62: 74029.868 | L62: 69644.002 | M62: 67537.756 | N62: 68710.147
B63: 2025 | C63: 77797.994 | D63: 119827.83 | E63: 138413.64 | F63: 141347.8 | G63: 141437.68 | H63: 131015.03 | I63: 119559.98 | J63: 106841.76 | K63: 94364.447 | L63: 73405.878 | M63: 67372.07

Sheet EP
B1: CONTROL HIDROLOGICO
B2: REPRESA DE EL PAÑE
B3: VOLUMENES ALMACENADOS ( ,000 m3 )
B5: AÑO | C5: ENERO | D5: FEBRERO | E5: MARZO | F5: ABRIL | G5: MAYO | H5: JUNIO | I5: JULIO | J5: AGOSTO | K5: SETIEMBRE | L5: OCTUBRE | M5: NOVIEMBRE | N5: DICIEMBRE
B6: 1968
B7: 1969 | C7: 33600 | D7: 46760 | E7: 53820 | F7: 55600 | G7: 53500 | H7: 51800 | I7: 51300 | J7: 50400 | K7: 45100 | L7: 34000 | M7: 21400 | N7: 9540
B8: 1970 | C8: 37000 | D8: 58300 | E8: 79400 | F8: 85700 | G8: 86580 | H8: 86580 | I8: 85460 | J8: 78440 | K8: 73120 | L8: 65380 | M8: 53400 | N8: 36600
B9: 1971 | C9: 38760 | D9: 77460 | E9: 94520 | F9: 94260 | G9: 87040 | H9: 71300 | I9: 57740 | J9: 44000 | K9: 31100 | L9: 17680 | M9: 6580 | N9: 0
B10: 1972 | C10: 48200 | D10: 58460 | E10: 80480 | F10: 88040 | G10: 88280 | H10: 87800 | I10: 87120 | J10: 87360 | K10: 85220 | L10: 84740 | M10: 82000 | N10: 60200
B11: 1973 | C11: 76680 | D11: 104385 | E11: 96120 | F11: 94111 | G11: 93441 | H11: 93173 | I11: 92503 | J11: 91560 | K11: 91280 | L11: 87680 | M11: 78680 | N11: 70400
B12: 1974 | C12: 101527 | D12: 101119 | E12: 98800 | F12: 98397 | G12: 88160 | H12: 80480 | I12: 80000 | J12: 80360 | K12: 73840 | L12: 58100 | M12: 57500 | N12: 43200
B13: 1975 | C13: 44740 | D13: 83300 | E13: 103432 | F13: 102208 | G13: 100302 | H13: 89360 | I13: 78200 | J13: 67100 | K13: 62000 | L13: 61240 | M13: 60400 | N13: 50000
B14: 1976 | C14: 70220 | D14: 85100 | E14: 102208 | F14: 88520 | G14: 80120 | H14: 63200 | I14: 46400 | J14: 31700 | K14: 23500 | L14: 23780 | M14: 18780 | N14: 6940
B15: 1977 | C15: 5000 | D15: 17600 | E15: 42600 | F15: 43900 | G15: 41440 | H15: 40960 | I15: 40240 | J15: 39160 | K15: 36680 | L15: 24900 | M15: 14280 | N15: 5000
B16: 1978 | C16: 22700 | D16: 35700 | E16: 39120 | F16: 42200 | G16: 38240 | H16: 37860 | I16: 36840 | J16: 36000 | K16: 35220 | L16: 34340 | M16: 25700 | N16: 26100
B17: 1979 | C17: 42400 | D17: 51500 | E17: 70700 | F17: 72640 | G17: 72160 | H17: 71300 | I17: 70340 | J17: 69540 | K17: 59120 | L17: 44500 | M17: 34100 | N17: 29540
B18: 1980 | C18: 27180 | D18: 27260 | E18: 42100 | F18: 45700 | G18: 45340 | H18: 44500 | I18: 43800 | J18: 39080 | K18: 34100 | L18: 29120 | M18: 24680 | N18: 14560
... B62: 2024 | C62: 52028.092 | D62: 73354.821 | E62: 103974.07 | F62: 98837.508 | G62: 93891.855 | H62: 85502.65 | I62: 76949.604 | J62: 75788.946 | K62: 74621.765 | L62: 73329.017 | M62: 73200.006 | N62: 75360.58
B63: 2025 | C63: 82351.278 | D63: 102391.03 | E63: 102712.83 | F63: 95875.227 | G63: 88301.253 | H63: 86433.804 | I63: 71231.705 | J63: 54995.936 | K63: 43717.706 | L63: 38823.744 | M63: 36864.147

Sheet PI
B1: CONTROL HIDROLOGICO
B2: REPRESA PILLONES
B3: VOLUMENES ALMACENADOS ( ,000 m3 )
B5: AÑO | C5: ENERO | D5: FEBRERO | E5: MARZO | F5: ABRIL | G5: MAYO | H5: JUNIO | I5: JULIO | J5: AGOSTO | K5: SETIEMBRE | L5: OCTUBRE | M5: NOVIEMBRE | N5: DICIEMBRE
B6: 1968
B7: 1969 | C7: 33600 | D7: 46760 | E7: 53820 | F7: 55600 | G7: 53500 | H7: 51800 | I7: 51300 | J7: 50400 | K7: 45100 | L7: 34000 | M7: 21400 | N7: 9540
B8: 1970 | C8: 37000 | D8: 58300 | E8: 79400 | F8: 85700 | G8: 86580 | H8: 86580 | I8: 85460 | J8: 78440 | K8: 73120 | L8: 65380 | M8: 53400 | N8: 36600
B9: 1971 | C9: 38760 | D9: 77460 | E9: 94520 | F9: 94260 | G9: 87040 | H9: 71300 | I9: 57740 | J9: 44000 | K9: 31100 | L9: 17680 | M9: 6580 | N9: 0
B10: 1972
B11: 1973
B12: 1974
B13: 1975
B14: 1976
B15: 1977
B16: 1978
B17: 1979
B18: 1980
B19: 1981
B20: 1982
B21: 1983
... B43: 2005
B44: 2006 | C44: 6333 | D44: 35590.308 | E44: 74974.096 | F44: 75290.805 | G44: 74182.336 | H44: 67288.553 | I44: 54863.569 | J44: 41195.46 | K44: 28753.726 | L44: 12845.937 | M44: 1213.2853 | N44: 1148.115
B45: 2007 | C45: 12699.8 | D45: 22078.347 | E45: 60706.366 | F45: 70718.992 | G45: 70075.785 | H45: 62529.998 | I45: 49545.027 | J45: 36701.793 | K45: 34118.296 | L45: 33548.62 | M45: 31938.942 | N45: 30303.899
B46: 2008 | C46: 49756.251 | D46: 44779.38 | E46: 46654.41 | F46: 37667.446 | G46: 31061.556 | H46: 20302.676 | I46: 10435.203 | J46: 1188.694 | K46: 46.574 | L46: 80.472 | M46: 86.457 | N46: 271.344
B47: 2009 | C47: 534.042 | D47: 13523.865 | E47: 50576.976 | F47: 50208.809 | G47: 46132.7 | H47: 31880.727 | I47: 21326.02 | J47: 17067.286 | K47: 16819.068 | L47: 16537.306 | M47: 16450.094 | N47: 9185.0203
B48: 2010 | C48: 12664.605 | D48: 39082.537 | E48: 54703.057 | F48: 54473.889 | G48: 54048.292 | H48: 53619.406 | I48: 53183.829 | J48: 52914.186 | K48: 50964.46 | L48: 38502.408 | M48: 23390.783 | N48: 20313.374
B49: 2011 | C49: 22750.56 | D49: 75403.17 | E49: 79506.442 | F49: 79466.506 | G49: 78840.838 | H49: 78215.17 | I49: 77662.718 | J49: 77031.031 | K49: 76378.62 | L49: 65295.08 | M49: 45088.614 | N49: 30803.747
B50: 2012 | C50: 70710.273 | D50: 78867.462 | E50: 80278.542 | F50: 81070.611 | G50: 80285.199 | H50: 79666.187 | I50: 79007.239 | J50: 78334.979 | K50: 71444.364 | L50: 61662.441 | M50: 56148.995 | N50: 52494.165
B51: 2013 | C51: 76663.654 | D51: 79945.74 | E51: 80451.6 | F51: 79639.563 | G51: 79127.047 | H51: 78567.94 | I51: 78035.457 | J51: 70789.908 | K51: 53619.406 | L51: 27015.633 | M51: 1798.7074 | N51: 0
B52: 2014 | C52: 28952.231 | D52: 28750.667 | E52: 28675.575 | F52: 28446.345 | G52: 28031.359 | H52: 27620.326 | I52: 19832.011 | J52: 6542.3462 | K52: 446.92026 | L52: 388.39503 | M52: 277.99515 | N52: 187.54706
B53: 2015 | C53: 289.30116 | D53: 27225.102 | E53: 55728.854 | F53: 67592.249 | G53: 66998.048 | H53: 57207.531 | I53: 53971.903 | J53: 53614.221 | K53: 48947.322 | L53: 39821.427 | M53: 32591.783 | N53: 23176.12
B54: 2016 | C54: 20673.505 | D54: 51887.468 | E54: 63515.297 | F54: 63556.212 | G54: 62831.435 | H54: 62293.698 | I54: 61948.845 | J54: 57862.295 | K54: 56776.478 | L54: 49061.402 | M54: 39500.777 | N54: 31177.987
B55: 2017 | C55: 38643.033 | D55: 48450.905 | E55: 78760.965 | F55: 80451.6 | G55: 79919.116 | H55: 79306.761 | I55: 78634.5 | J55: 77942.272 | K55: 68339.595 | L55: 54064.661 | M55: 40922.791 | N55: 32579.309
... B62: 2024 | C62: 15713.221 | D62: 37478.482 | E62: 78721.03 | F62: 79992.334 | G62: 79446.538 | H62: 78847.495 | I62: 78255.107 | J62: 77669.375 | K62: 71133.995 | L62: 67138.942 | M62: 56498.204 | N62: 43515.876
B63: 2025 | C63: 51923.768 | D63: 77802.496 | E63: 79100.424 | F63: 78900.743 | G63: 79672.844 | H63: 79060.488 | I63: 78707.718 | J63: 78082.05 | K63: 77509.631 | L63: 76980.36 | M63: 68272.212

Sheet CH
B1: CONTROL HIDROLOGICO
B2: REPRESA CHALHUANCA
B3: VOLUMENES ALMACENADOS ( ,000 m3 )
B5: AÑO | C5: ENERO | D5: FEBRERO | E5: MARZO | F5: ABRIL | G5: MAYO | H5: JUNIO | I5: JULIO | J5: AGOSTO | K5: SETIEMBRE | L5: OCTUBRE | M5: NOVIEMBRE | N5: DICIEMBRE
B6: 1968
B7: 1969 | C7: 33600 | D7: 46760 | E7: 53820 | F7: 55600 | G7: 53500 | H7: 51800 | I7: 51300 | J7: 50400 | K7: 45100 | L7: 34000 | M7: 21400 | N7: 9540
B8: 1970 | C8: 37000 | D8: 58300 | E8: 79400 | F8: 85700 | G8: 86580 | H8: 86580 | I8: 85460 | J8: 78440 | K8: 73120 | L8: 65380 | M8: 53400 | N8: 36600
B9: 1971 | C9: 38760 | D9: 77460 | E9: 94520 | F9: 94260 | G9: 87040 | H9: 71300 | I9: 57740 | J9: 44000 | K9: 31100 | L9: 17680 | M9: 6580 | N9: 0
B10: 1972
B11: 1973
B12: 1974
B13: 1975
B14: 1976
B15: 1977
B16: 1978
B17: 1979
B18: 1980
B19: 1981
B20: 1982
B21: 1983
... B46: 2008
B47: 2009 | C47: 2468.4211 | D47: 6083.3333 | E47: 15250 | F47: 16487.5 | G47: 16450 | H47: 16412.5 | I47: 16750 | J47: 16525 | K47: 16075 | L47: 15400 | M47: 15212.5 | N47: 15212.5
B48: 2010 | C48: 17275 | D48: 21734.286 | E48: 24575 | F48: 24926.429 | G48: 14025 | H48: 3467.7632 | I48: 1146.7105 | J48: 1906.5789 | K48: 2542.1053 | L48: 2841.4474 | M48: 2979.6053 | N48: 3550
B49: 2011 | C49: 3352.6316 | D49: 23901.429 | E49: 25600 | F49: 25600 | G49: 25600 | H49: 25600 | I49: 25600 | J49: 25600 | K49: 25204.643 | L49: 14762.5 | M49: 5212.5 | N49: 8800
B50: 2012 | C50: 24809.286 | D50: 25263.214 | E50: 27050 | F50: 26700 | G50: 26150 | H50: 26000 | I50: 25950 | J50: 25800 | K50: 24531.071 | L50: 19440 | M50: 12550 | N50: 9025
B51: 2013 | C51: 20500 | D51: 25950 | E51: 26300 | F51: 17462.5 | G51: 4775 | H51: 7333.3333 | I51: 10112.5 | J51: 12075 | K51: 12625 | L51: 13000 | M51: 13175 | N51: 8104.1667
B52: 2014 | C52: 13600 | D52: 10112.5 | E52: 12550 | F52: 13725 | G52: 14100 | H52: 14537.5 | I52: 15100 | J52: 5887.5 | K52: 2169.0789 | L52: 3103.9474 | M52: 3325 | N52: 133.55263
B53: 2015 | C53: 3163.8158 | D53: 7083.3333 | E53: 16000 | F53: 19040 | G53: 19620 | H53: 13175 | I53: 5375 | J53: 6125 | K53: 6520.8333 | L53: 7020.8333 | M53: 7208.3333 | N53: 4525
B54: 2016 | C54: 4875 | D54: 13275 | E54: 14275 | F54: 16487.5 | G54: 16675 | H54: 17050 | I54: 17462.5 | J54: 15100 | K54: 14912.5 | L54: 9437.5 | M54: 4050 | N54: 2947.3684
B55: 2017 | C55: 7375 | D55: 11387.5 | E55: 17900 | F55: 21040 | G55: 22305.357 | H55: 22935 | I55: 23447.5 | J55: 22363.929 | K55: 19580 | L55: 16487.5 | M55: 3562.5 | N55: 4825
B56: 2018 | C56: 13175 | D56: 21040 | E56: 26350 | F56: 26100 | G56: 25750 | H56: 25750 | I56: 25800 | J56: 25263.214 | K56: 15512.5 | L56: 5187.5 | M56: 101.31579 | N56: 105.92105
B57: 2019 | C57: 3712.5 | D57: 26650 | E57: 27300 | F57: 26050 | G57: 25556.071 | H57: 6833.3333 | I57: 3787.5 | J57: 4450 | K57: 4787.5 | L57: 4925 | M57: 5162.5 | N57: 5137.5
B58: 2020 | C58: 13800 | D58: 28500 | E58: 27650 | F58: 25556.071 | G58: 10225 | H58: 4500 | I58: 5737.5 | J58: 6458.3333 | K58: 6812.5 | L58: 7437.5 | M58: 7250 | N58: 11500
... B62: 2024 | C62: 15587.5 | D62: 19240 | E62: 26700 | F62: 25900 | G62: 25750 | H62: 25750 | I62: 25650 | J62: 25380.357 | K62: 18660 | L62: 11525 | M62: 4937.5 | N62: 5312.5
B63: 2025 | C63: 9287.5 | D63: 26000 | E63: 26900 | F63: 26150 | G63: 25900 | H63: 25950 | I63: 25900 | J63: 25700 | K63: 25750 | L63: 25556.071 | M63: 18000

Sheet BA
B1: CONTROL HIDROLOGICO
B2: REPRESA BAMPUTAÑE
B3: VOLUMENES ALMACENADOS ( ,000 m3 )
B5: AÑO | C5: ENERO | D5: FEBRERO | E5: MARZO | F5: ABRIL | G5: MAYO | H5: JUNIO | I5: JULIO | J5: AGOSTO | K5: SETIEMBRE | L5: OCTUBRE | M5: NOVIEMBRE | N5: DICIEMBRE
B6: 1968
B7: 1969 | C7: 33600 | D7: 46760 | E7: 53820 | F7: 55600 | G7: 53500 | H7: 51800 | I7: 51300 | J7: 50400 | K7: 45100 | L7: 34000 | M7: 21400 | N7: 9540
B8: 1970 | C8: 37000 | D8: 58300 | E8: 79400 | F8: 85700 | G8: 86580 | H8: 86580 | I8: 85460 | J8: 78440 | K8: 73120 | L8: 65380 | M8: 53400 | N8: 36600
B9: 1971 | C9: 38760 | D9: 77460 | E9: 94520 | F9: 94260 | G9: 87040 | H9: 71300 | I9: 57740 | J9: 44000 | K9: 31100 | L9: 17680 | M9: 6580 | N9: 0
B10: 1972
B11: 1973
B12: 1974
B13: 1975
B14: 1976
B15: 1977
B16: 1978
B17: 1979
B18: 1980
B19: 1981
B20: 1982
B21: 1983
... B46: 2008
B47: 2009 | N47: 5506.4036
B48: 2010 | C48: 21680.354 | D48: 31824.358 | E48: 36980.958 | F48: 37864.961 | G48: 37396.959 | H48: 36876.957 | I48: 36460.956 | J48: 35940.954 | K48: 31824.358 | L48: 22555.492 | M48: 7313.7537 | N48: 7630.8326
B49: 2011 | C49: 13475.774 | D49: 28560.796 | E49: 39414.487 | F49: 42301.674 | G49: 37656.96 | H49: 37240.959 | I49: 36824.957 | J49: 29827.253 | K49: 15951.925 | L49: 1157.0262 | M49: 1125.1055 | N49: 4053.6548
B50: 2012 | C50: 19113.772 | D50: 36408.956 | E50: 41267.243 | F50: 40880.772 | G50: 39848.942 | H50: 39523.101 | I50: 39034.339 | J50: 38491.27 | K50: 31629.518 | L50: 19155.376 | M50: 7313.7537 | N50: 8997.2833
B51: 2013 | C51: 18198.501 | D51: 26761.112 | E51: 32408.876 | F51: 32214.036 | G51: 31824.358 | H51: 31532.098 | I51: 31191.129 | J51: 30801.45 | K51: 30265.642 | L51: 29924.673 | M51: 29583.704 | N51: 31970.487
B52: 2014 | C52: 36044.954 | D52: 27127.934 | E52: 29924.673 | F52: 31824.358 | G52: 31532.098 | H52: 31093.709 | I52: 28999.185 | J52: 19623.78 | K52: 15327.877 | L52: 12728.907 | M52: 1603.9161 | N52: 933.58123
B53: 2015 | C53: 5157.6168 | D53: 13357.848 | E53: 18531.327 | F53: 23168.089 | G53: 23780.686 | H53: 23430.631 | I53: 19363.392 | J53: 15166.052 | K53: 11277.594 | L53: 8671.5246 | M53: 4872.2457 | N53: 5189.3247
B54: 2016 | C54: 5982.022 | D54: 20236.376 | E54: 22861.791 | F54: 24239.213 | G54: 23826.539 | H54: 23518.144 | I54: 23211.846 | J54: 13790.244 | K54: 7535.7089 | L54: 3534.3977 | M54: 3212.9529 | N54: 3138.7733
B55: 2017 | C55: 10698.468 | D55: 15743.909 | E55: 34016.947 | F55: 38599.884 | G55: 33964.946 | H55: 30704.031 | I55: 30314.352 | J55: 29437.574 | K55: 28804.346 | L55: 28414.667 | M55: 28044.988 | N55: 29194.025
B56: 2018 | C56: 37240.959 | D56: 39577.407 | E56: 39305.873 | F56: 39848.942 | G56: 36772.957 | H56: 27540.608 | I56: 17200.023 | J56: 5791.7747 | K56: 1667.7575 | L56: 1619.8765 | M56: 1556.0351 | N56: 1603.9161
B57: 2019 | C57: 7730.4438 | D57: 24468.476 | E57: 28365.957 | F57: 31775.648 | G57: 32360.166 | H57: 28320.104 | I57: 24376.771 | J57: 20148.863 | K57: 16159.942 | L57: 13790.244 | M57: 13436.465 | N57: 6172.2694
B58: 2020 | C58: 11241.399 | D58: 22555.492 | E58: 34536.949 | F58: 37344.959 | G58: 32408.876 | H58: 27540.608 | I58: 22599.249 | J58: 17574.452 | K58: 12728.907 | L58: 12610.98 | M58: 11982.039 | N58: 14065.406
B59: 2021 | C59: 27861.577 | D59: 31678.228 | E59: 39414.487 | F59: 39848.942 | G59: 37864.961 | H59: 32749.845 | I59: 27219.639 | J59: 21899.139 | K59: 16617.577 | L59: 13633.009 | M59: 9431.6283 | N59: 8345.7659
... B62: 2024 | C62: 11549.643 | D62: 18697.74 | E62: 33236.944 | F62: 37292.959 | G62: 37344.959 | H62: 36876.957 | I62: 36304.955 | J62: 35732.953 | K62: 29096.605 | L62: 22599.249 | M62: 11628.26 | N62: 3484.9447
B63: 2025 | C63: 13986.788 | D63: 23474.388 | E63: 38817.111 | F63: 39577.407 | G63: 39848.942 | H63: 39414.487 | I63: 38925.725 | J63: 38384.963 | K63: 35212.951 | L63: 23430.631 | M63: 20586.432

Sheet TOTAL
B1: CONTROL HIDROLÓGICO
B2: TOTAL DEL SISTEMA DE REPRESAS (AGUADA BLANCA + EL FRAYLE + EL PAÑE + PILLONES + CHALHUANCA + BAMPUTAÑE)
B3: VOLÚMENES ALMACENADOS ( ,000 m3 )
B5: AÑO | C5: ENERO | D5: FEBRERO | E5: MARZO | F5: ABRIL | G5: MAYO | H5: JUNIO | I5: JULIO | J5: AGOSTO | K5: SETIEMBRE | L5: OCTUBRE | M5: NOVIEMBRE | N5: DICIEMBRE
B6: 1968
B7: 1969 | C7: =+AB!C7+EF!C7+EP!C7 -> 33600 | D7: =+AB!D7+EF!D7+EP!D7 -> 46760 | E7: =+AB!E7+EF!E7+EP!E7 -> 53820 | F7: =+AB!F7+EF!F7+EP!F7 -> 55600 | G7: =+AB!G7+EF!G7+EP!G7 -> 53500 | H7: =+AB!H7+EF!H7+EP!H7 -> 51800 | I7: =+AB!I7+EF!I7+EP!I7 -> 51300 | J7: =+AB!J7+EF!J7+EP!J7 -> 50400 | ... N7: =+AB!N7+EF!N7+EP!N7 -> 9540
B8: 1970 | C8: =+AB!C8+EF!C8+EP!C8 -> 80960 | D8: =+AB!D8+EF!D8+EP!D8 -> 116500 | E8: =+AB!E8+EF!E8+EP!E8 -> 154960 | F8: =+AB!F8+EF!F8+EP!F8 -> 159300 | G8: =+AB!G8+EF!G8+EP!G8 -> 148500 | H8: =+AB!H8+EF!H8+EP!H8 -> 137640 | I8: =+AB!I8+EF!I8+EP!I8 -> 126710 | J8: =+AB!J8+EF!J8+EP!J8 -> 110160 | ... N8: =+AB!N8+EF!N8+EP!N8 -> 38510
B9: 1971 | C9: =+AB!C9+EF!C9+EP!C9 -> 51740 | D9: =+AB!D9+EF!D9+EP!D9 -> 112660 | E9: =+AB!E9+EF!E9+EP!E9 -> 148820 | F9: =+AB!F9+EF!F9+EP!F9 -> 151920 | G9: =+AB!G9+EF!G9+EP!G9 -> 138220 | H9: =+AB!H9+EF!H9+EP!H9 -> 103540 | I9: =+AB!I9+EF!I9+EP!I9 -> 80075 | J9: =+AB!J9+EF!J9+EP!J9 -> 50460 | ... N9: =+AB!N9+EF!N9+EP!N9 -> 7480
B10: 1972 | C10: =+AB!C10+EF!C10+EP!C10 -> 102100 | D10: =+AB!D10+EF!D10+EP!D10 -> 152915 | E10: =+AB!E10+EF!E10+EP!E10 -> 238605 | F10: =+AB!F10+EF!F10+EP!F10 -> 262400 | G10: =+AB!G10+EF!G10+EP!G10 -> 253600 | H10: =+AB!H10+EF!H10+EP!H10 -> 237322 | I10: =+AB!I10+EF!I10+EP!I10 -> 210270 | J10: =+AB!J10+EF!J10+EP!J10 -> 193220 | ... N10: =+AB!N10+EF!N10+EP!N10 -> 128270
B11: 1973 | C11: =+AB!C11+EF!C11+EP!C11 -> 193500 | D11: =+AB!D11+EF!D11+EP!D11 -> 281625 | E11: =+AB!E11+EF!E11+EP!E11 -> 288415 | F11: =+AB!F11+EF!F11+EP!F11 -> 283601 | G11: =+AB!G11+EF!G11+EP!G11 -> 282016 | H11: =+AB!H11+EF!H11+EP!H11 -> 251481 | I11: =+AB!I11+EF!I11+EP!I11 -> 221273 | J11: =+AB!J11+EF!J11+EP!J11 -> 204200 | ... N11: =+AB!N11+EF!N11+EP!N11 -> 121077
B12: 1974 | C12: =+AB!C12+EF!C12+EP!C12 -> 218573 | D12: =+AB!D12+EF!D12+EP!D12 -> 273254 | E12: =+AB!E12+EF!E12+EP!E12 -> 303645 | F12: =+AB!F12+EF!F12+EP!F12 -> 302862 | G12: =+AB!G12+EF!G12+EP!G12 -> 285980 | H12: =+AB!H12+EF!H12+EP!H12 -> 257935 | I12: =+AB!I12+EF!I12+EP!I12 -> 219367 | J12: =+AB!J12+EF!J12+EP!J12 -> 197470 | ... N12: =+AB!N12+EF!N12+EP!N12 -> 107595
B13: 1975 | C13: =+AB!C13+EF!C13+EP!C13 -> 125296 | D13: =+AB!D13+EF!D13+EP!D13 -> 246950 | E13: =+AB!E13+EF!E13+EP!E13 -> 307412 | F13: =+AB!F13+EF!F13+EP!F13 -> 292418 | G13: =+AB!G13+EF!G13+EP!G13 -> 271674 | H13: =+AB!H13+EF!H13+EP!H13 -> 246688 | I13: =+AB!I13+EF!I13+EP!I13 -> 215076 | J13: =+AB!J13+EF!J13+EP!J13 -> 183750 | ... N13: =+AB!N13+EF!N13+EP!N13 -> 83857
B14: 1976 | C14: =+AB!C14+EF!C14+EP!C14 -> 154310 | D14: =+AB!D14+EF!D14+EP!D14 -> 187570 | E14: =+AB!E14+EF!E14+EP!E14 -> 230288 | F14: =+AB!F14+EF!F14+EP!F14 -> 215880 | G14: =+AB!G14+EF!G14+EP!G14 -> 191820 | H14: =+AB!H14+EF!H14+EP!H14 -> 165864 | I14: =+AB!I14+EF!I14+EP!I14 -> 142476 | J14: =+AB!J14+EF!J14+EP!J14 -> 119540 | ... N14: =+AB!N14+EF!N14+EP!N14 -> 35556
B15: 1977 | C15: =+AB!C15+EF!C15+EP!C15 -> 29502 | D15: =+AB!D15+EF!D15+EP!D15 -> 110220 | E15: =+AB!E15+EF!E15+EP!E15 -> 189525 | F15: =+AB!F15+EF!F15+EP!F15 -> 185360 | G15: =+AB!G15+EF!G15+EP!G15 -> 170760 | H15: =+AB!H15+EF!H15+EP!H15 -> 159820 | I15: =+AB!I15+EF!I15+EP!I15 -> 146160 | J15: =+AB!J15+EF!J15+EP!J15 -> 129320 | ... N15: =+AB!N15+EF!N15+EP!N15 -> 53124
B16: 1978 | C16: =+AB!C16+EF!C16+EP!C16 -> 113280 | D16: =+AB!D16+EF!D16+EP!D16 -> 137700 | E16: =+AB!E16+EF!E16+EP!E16 -> 135590 | F16: =+AB!F16+EF!F16+EP!F16 -> 141830 | G16: =+AB!G16+EF!G16+EP!G16 -> 128392 | H16: =+AB!H16+EF!H16+EP!H16 -> 118966 | I16: =+AB!I16+EF!I16+EP!I16 -> 107372 | J16: =+AB!J16+EF!J16+EP!J16 -> 94358 | ... N16: =+AB!N16+EF!N16+EP!N16 -> 53225
B17: 1979 | C17: =+AB!C17+EF!C17+EP!C17 -> 78146 | D17: =+AB!D17+EF!D17+EP!D17 -> 89660 | E17: =+AB!E17+EF!E17+EP!E17 -> 144590 | F17: =+AB!F17+EF!F17+EP!F17 -> 140680 | G17: =+AB!G17+EF!G17+EP!G17 -> 129060 | H17: =+AB!H17+EF!H17+EP!H17 -> 119289 | I17: =+AB!I17+EF!I17+EP!I17 -> 110312 | J17: =+AB!J17+EF!J17+EP!J17 -> 99339 | ... N17: =+AB!N17+EF!N17+EP!N17 -> 44485
B18: 1980 | C18: =+AB!C18+EF!C18+EP!C18 -> 41542 | D18: =+AB!D18+EF!D18+EP!D18 -> 40001 | E18: =+AB!E18+EF!E18+EP!E18 -> 73253 | F18: =+AB!F18+EF!F18+EP!F18 -> 75810 | G18: =+AB!G18+EF!G18+EP!G18 -> 69696 | H18: =+AB!H18+EF!H18+EP!H18 -> 64069 | I18: =+AB!I18+EF!I18+EP!I18 -> 58653 | J18: =+AB!J18+EF!J18+EP!J18 -> 50232 | ... N18: =+AB!N18+EF!N18+EP!N18 -> 30890
... B43: 2005 | C43: =+AB!C43+EF!C43+EP!C43 -> 69576.037 | D43: =+AB!D43+EF!D43+EP!D43 -> 140218.6 | E43: =+AB!E43+EF!E43+EP!E43 -> 154457.86 | F43: =+AB!F43+EF!F43+EP!F43 -> 161912.13 | G43: =+AB!G43+EF!G43+EP!G43 -> 147453.4 | H43: =+AB!H43+EF!H43+EP!H43 -> 135190.01 | I43: =+AB!I43+EF!I43+EP!I43 -> 124175.92 | J43: =+AB!J43+EF!J43+EP!J43 -> 113024.59 | ... N43: =+AB!N43+EF!N43+EP!N43 -> 64023.585
A44: Ingresa Pillones | B44: 2006 | C44: =+AB!C44+EF!C44+EP!C44+PI!C44 -> 128553.68 | D44: =+AB!D44+EF!D44+EP!D44+PI!D44 -> 220980.2 | E44: =+AB!E44+EF!E44+EP!E44+PI!E44 -> 325479.27 | F44: =+AB!F44+EF!F44+EP!F44+PI!F44 -> 327506.08 | G44: =+AB!G44+EF!G44+EP!G44+PI!G44 -> 310295.98 | H44: =+AB!H44+EF!H44+EP!H44+PI!H44 -> 294366.57 | I44: =+AB!I44+EF!I44+EP!I44+PI!I44 -> 273718.03 | J44: =+AB!J44+EF!J44+EP!J44+PI!J44 -> 249124.6 | ... N44: =+AB!N44+EF!N44+EP!N44+PI!N44 -> 147725.41
B45: 2007 | C45: =+AB!C45+EF!C45+EP!C45+PI!C45 -> 181885.35 | D45: =+AB!D45+EF!D45+EP!D45+PI!D45 -> 211765.57 | E45: =+AB!E45+EF!E45+EP!E45+PI!E45 -> 303355.91 | F45: =+AB!F45+EF!F45+EP!F45+PI!F45 -> 311633.97 | G45: =+AB!G45+EF!G45+EP!G45+PI!G45 -> 293759.63 | H45: =+AB!H45+EF!H45+EP!H45+PI!H45 -> 271101.91 | I45: =+AB!I45+EF!I45+EP!I45+PI!I45 -> 247682.49 | J45: =+AB!J45+EF!J45+EP!J45+PI!J45 -> 222780.44 | ... N45: =+AB!N45+EF!N45+EP!N45+PI!N45 -> 114652.67
B46: 2008 | C46: =+AB!C46+EF!C46+EP!C46+PI!C46 -> 183662.47 | D46: =+AB!D46+EF!D46+EP!D46+PI!D46 -> 216896.99 | E46: =+AB!E46+EF!E46+EP!E46+PI!E46 -> 227522.37 | F46: =+AB!F46+EF!F46+EP!F46+PI!F46 -> 212307.28 | G46: =+AB!G46+EF!G46+EP!G46+PI!G46 -> 193508.77 | H46: =+AB!H46+EF!H46+EP!H46+PI!H46 -> 176336.82 | I46: =+AB!I46+EF!I46+EP!I46+PI!I46 -> 156975.44 | J46: =+AB!J46+EF!J46+EP!J46+PI!J46 -> 137592.09 | ... N46: =+AB!N46+EF!N46+EP!N46+PI!N46 -> 62049.915
A47: Ingresa Chalhuanca | B47: 2009 | C47: =+AB!C47+EF!C47+EP!C47+PI!C47+CH!C47+BA!C47 -> 68187.105 | D47: =+AB!D47+EF!D47+EP!D47+PI!D47+CH!D47+BA!D47 -> 121563.93 | E47: =+AB!E47+EF!E47+EP!E47+PI!E47+CH!E47+BA!E47 -> 208512 | F47: =+AB!F47+EF!F47+EP!F47+PI!F47+CH!F47+BA!F47 -> 224517.89 | G47: =+AB!G47+EF!G47+EP!G47+PI!G47+CH!G47+BA!G47 -> 208792.91 | H47: =+AB!H47+EF!H47+EP!H47+PI!H47+CH!H47+BA!H47 -> 192084.69 | I47: =+AB!I47+EF!I47+EP!I47+PI!I47+CH!I47+BA!I47 -> 179353.48 | J47: =+AB!J47+EF!J47+EP!J47+PI!J47+CH!J47+BA!J47 -> 163021.26 | ... N47: =+AB!N47+EF!N47+EP!N47+PI!N47+CH!N47+BA!N47 -> 109641.69
A48: Ingresa Bamputañe | B48: 2010 | C48: =+AB!C48+EF!C48+EP!C48+PI!C48+CH!C48+BA!C48 -> 170963.68 | D48: =+AB!D48+EF!D48+EP!D48+PI!D48+CH!D48+BA!D48 -> 269181.14 | E48: =+AB!E48+EF!E48+EP!E48+PI!E48+CH!E48+BA!E48 -> 310364.53 | F48: =+AB!F48+EF!F48+EP!F48+PI!F48+CH!F48+BA!F48 -> 304106.85 | G48: =+AB!G48+EF!G48+EP!G48+PI!G48+CH!G48+BA!G48 -> 281524.94 | H48: =+AB!H48+EF!H48+EP!H48+PI!H48+CH!H48+BA!H48 -> 260566.21 | I48: =+AB!I48+EF!I48+EP!I48+PI!I48+CH!I48+BA!I48 -> 239860.07 | J48: =+AB!J48+EF!J48+EP!J48+PI!J48+CH!J48+BA!J48 -> 216424.76 | ... N48: =+AB!N48+EF!N48+EP!N48+PI!N48+CH!N48+BA!N48 -> 135044.14
B49: 2011 | C49: =+AB!C49+EF!C49+EP!C49+PI!C49+CH!C49+BA!C49 -> 164989.93 | D49: =+AB!D49+EF!D49+EP!D49+PI!D49+CH!D49+BA!D49 -> 358363.37 | E49: =+AB!E49+EF!E49+EP!E49+PI!E49+CH!E49+BA!E49 -> 399631.36 | F49: =+AB!F49+EF!F49+EP!F49+PI!F49+CH!F49+BA!F49 -> 401024.18 | G49: =+AB!G49+EF!G49+EP!G49+PI!G49+CH!G49+BA!G49 -> 380611.31 | H49: =+AB!H49+EF!H49+EP!H49+PI!H49+CH!H49+BA!H49 -> 356403.44 | I49: =+AB!I49+EF!I49+EP!I49+PI!I49+CH!I49+BA!I49 -> 328792.44 | J49: =+AB!J49+EF!J49+EP!J49+PI!J49+CH!J49+BA!J49 -> 299191.05 | ... N49: =+AB!N49+EF!N49+EP!N49+PI!N49+CH!N49+BA!N49 -> 213046.98
B50: 2012 | C50: =+AB!C50+EF!C50+EP!C50+PI!C50+CH!C50+BA!C50 -> 317344.14 | D50: =+AB!D50+EF!D50+EP!D50+PI!D50+CH!D50+BA!D50 -> 369298.06 | E50: =+AB!E50+EF!E50+EP!E50+PI!E50+CH!E50+BA!E50 -> 382344.42 | F50: =+AB!F50+EF!F50+EP!F50+PI!F50+CH!F50+BA!F50 -> 403123.25 | G50: =+AB!G50+EF!G50+EP!G50+PI!G50+CH!G50+BA!G50 -> 388876.04 | H50: =+AB!H50+EF!H50+EP!H50+PI!H50+CH!H50+BA!H50 -> 370611.13 | I50: =+AB!I50+EF!I50+EP!I50+PI!I50+CH!I50+BA!I50 -> 347924.38 | J50: =+AB!J50+EF!J50+EP!J50+PI!J50+CH!J50+BA!J50 -> 322104.73 | ... N50: =+AB!N50+EF!N50+EP!N50+PI!N50+CH!N50+BA!N50 -> 254658.07
B51: 2013 | C51: =+AB!C51+EF!C51+EP!C51+PI!C51+CH!C51+BA!C51 -> 317772.93 | D51: =+AB!D51+EF!D51+EP!D51+PI!D51+CH!D51+BA!D51 -> 358743.73 | E51: =+AB!E51+EF!E51+EP!E51+PI!E51+CH!E51+BA!E51 -> 387630.52 | F51: =+AB!F51+EF!F51+EP!F51+PI!F51+CH!F51+BA!F51 -> 358190.26 | G51: =+AB!G51+EF!G51+EP!G51+PI!G51+CH!G51+BA!G51 -> 340279.91 | H51: =+AB!H51+EF!H51+EP!H51+PI!H51+CH!H51+BA!H51 -> 317780.11 | I51: =+AB!I51+EF!I51+EP!I51+PI!I51+CH!I51+BA!I51 -> 292839.23 | J51: =+AB!J51+EF!J51+EP!J51+PI!J51+CH!J51+BA!J51 -> 263489.69 | ... N51: =+AB!N51+EF!N51+EP!N51+PI!N51+CH!N51+BA!N51 -> 162251.5
B52: 2014 | C52: =+AB!C52+EF!C52+EP!C52+PI!C52+CH!C52+BA!C52 -> 232044.29 | D52: =+AB!D52+EF!D52+EP!D52+PI!D52+CH!D52+BA!D52 -> 220413.52 | E52: =+AB!E52+EF!E52+EP!E52+PI!E52+CH!E52+BA!E52 -> 221688.14 | F52: =+AB!F52+EF!F52+EP!F52+PI!F52+CH!F52+BA!F52 -> 218503.71 | G52: =+AB!G52+EF!G52+EP!G52+PI!G52+CH!G52+BA!G52 -> 203282.99 | H52: =+AB!H52+EF!H52+EP!H52+PI!H52+CH!H52+BA!H52 -> 192281.34 | I52: =+AB!I52+EF!I52+EP!I52+PI!I52+CH!I52+BA!I52 -> 175599.28 | J52: =+AB!J52+EF!J52+EP!J52+PI!J52+CH!J52+BA!J52 -> 149516.17 | ... N52: =+AB!N52+EF!N52+EP!N52+PI!N52+CH!N52+BA!N52 -> 74177.032
B53: 2015 | C53: =+AB!C53+EF!C53+EP!C53+PI!C53+CH!C53+BA!C53 -> 85569.198 | D53: =+AB!D53+EF!D53+EP!D53+PI!D53+CH!D53+BA!D53 -> 173810.32 | E53: =+AB!E53+EF!E53+EP!E53+PI!E53+CH!E53+BA!E53 -> 262257.43 | F53: =+AB!F53+EF!F53+EP!F53+PI!F53+CH!F53+BA!F53 -> 292441.8 | G53: =+AB!G53+EF!G53+EP!G53+PI!G53+CH!G53+BA!G53 -> 288450.88 | H53: =+AB!H53+EF!H53+EP!H53+PI!H53+CH!H53+BA!H53 -> 274357.36 | I53: =+AB!I53+EF!I53+EP!I53+PI!I53+CH!I53+BA!I53 -> 252711.51 | J53: =+AB!J53+EF!J53+EP!J53+PI!J53+CH!J53+BA!J53 -> 232656.35 | ... N53: =+AB!N53+EF!N53+EP!N53+PI!N53+CH!N53+BA!N53 -> 155433.15
B54: 2016 | C54: =+AB!C54+EF!C54+EP!C54+PI!C54+CH!C54+BA!C54 -> 138002.17 | D54: =+AB!D54+EF!D54+EP!D54+PI!D54+CH!D54+BA!D54 -> 271661.09 | E54: =+AB!E54+EF!E54+EP!E54+PI!E54+CH!E54+BA!E54 -> 279779.59 | F54: =+AB!F54+EF!F54+EP!F54+PI!F54+CH!F54+BA!F54 -> 292394.76 | G54: =+AB!G54+EF!G54+EP!G54+PI!G54+CH!G54+BA!G54 -> 271803.11 | H54: =+AB!H54+EF!H54+EP!H54+PI!H54+CH!H54+BA!H54 -> 253112.68 | I54: =+AB!I54+EF!I54+EP!I54+PI!I54+CH!I54+BA!I54 -> 232817.36 | J54: =+AB!J54+EF!J54+EP!J54+PI!J54+CH!J54+BA!J54 -> 210653.74 | ... N54: =+AB!N54+EF!N54+EP!N54+PI!N54+CH!N54+BA!N54 -> 116257.73
B55: 2017 | C55: =+AB!C55+EF!C55+EP!C55+PI!C55+CH!C55+BA!C55 -> 202971.07 | D55: =+AB!D55+EF!D55+EP!D55+PI!D55+CH!D55+BA!D55 -> 242069.35 | E55: =+AB!E55+EF!E55+EP!E55+PI!E55+CH!E55+BA!E55 -> 366028.52 | F55: =+AB!F55+EF!F55+EP!F55+PI!F55+CH!F55+BA!F55 -> 381726.32 | G55: =+AB!G55+EF!G55+EP!G55+PI!G55+CH!G55+BA!G55 -> 374312.14 | H55: =+AB!H55+EF!H55+EP!H55+PI!H55+CH!H55+BA!H55 -> 354774.49 | I55: =+AB!I55+EF!I55+EP!I55+PI!I55+CH!I55+BA!I55 -> 330075.64 | J55: =+AB!J55+EF!J55+EP!J55+PI!J55+CH!J55+BA!J55 -> 301781.82 | ... N55: =+AB!N55+EF!N55+EP!N55+PI!N55+CH!N55+BA!N55 -> 206792.92
B56: 2018 | C56: =+AB!C56+EF!C56+EP!C56+PI!C56+CH!C56+BA!C56 -> 270320.06 | D56: =+AB!D56+EF!D56+EP!D56+PI!D56+CH!D56+BA!D56 -> 339683.42 | E56: =+AB!E56+EF!E56+EP!E56+PI!E56+CH!E56+BA!E56 -> 409602.24 | F56: =+AB!F56+EF!F56+EP!F56+PI!F56+CH!F56+BA!F56 -> 391972.5 | G56: =+AB!G56+EF!G56+EP!G56+PI!G56+CH!G56+BA!G56 -> 375639.8 | H56: =+AB!H56+EF!H56+EP!H56+PI!H56+CH!H56+BA!H56 -> 360682.2 | I56: =+AB!I56+EF!I56+EP!I56+PI!I56+CH!I56+BA!I56 -> 338361.21 | J56: =+AB!J56+EF!J56+EP!J56+PI!J56+CH!J56+BA!J56 -> 311426.12 | ... N56: =+AB!N56+EF!N56+EP!N56+PI!N56+CH!N56+BA!N56 -> 190287.46
B57: 2019 | C57: =+AB!C57+EF!C57+EP!C57+PI!C57+CH!C57+BA!C57 -> 211628.45 | D57: =+AB!D57+EF!D57+EP!D57+PI!D57+CH!D57+BA!D57 -> 379575.96 | E57: =+AB!E57+EF!E57+EP!E57+PI!E57+CH!E57+BA!E57 -> 393033.8 | F57: =+AB!F57+EF!F57+EP!F57+PI!F57+CH!F57+BA!F57 -> 387634.52 | G57: =+AB!G57+EF!G57+EP!G57+PI!G57+CH!G57+BA!G57 -> 370729.93 | H57: =+AB!H57+EF!H57+EP!H57+PI!H57+CH!H57+BA!H57 -> 343529.43 | I57: =+AB!I57+EF!I57+EP!I57+PI!I57+CH!I57+BA!I57 -> 319848.13 | J57: =+AB!J57+EF!J57+EP!J57+PI!J57+CH!J57+BA!J57 -> 291731.5 | ... N57: =+AB!N57+EF!N57+EP!N57+PI!N57+CH!N57+BA!N57 -> 182111.23
B58: 2020 | C58: =+AB!C58+EF!C58+EP!C58+PI!C58+CH!C58+BA!C58 -> 213719.6 | D58: =+AB!D58+EF!D58+EP!D58+PI!D58+CH!D58+BA!D58 -> 358066.67 | E58: =+AB!E58+EF!E58+EP!E58+PI!E58+CH!E58+BA!E58 -> 403844.93 | F58: =+AB!F58+EF!F58+EP!F58+PI!F58+CH!F58+BA!F58 -> 382177.57 | G58: =+AB!G58+EF!G58+EP!G58+PI!G58+CH!G58+BA!G58 -> 363534.93 | H58: =+AB!H58+EF!H58+EP!H58+PI!H58+CH!H58+BA!H58 -> 340668.06 | I58: =+AB!I58+EF!I58+EP!I58+PI!I58+CH!I58+BA!I58 -> 316396.13 | J58: =+AB!J58+EF!J58+EP!J58+PI!J58+CH!J58+BA!J58 -> 290723.87 | ... N58: =+AB!N58+EF!N58+EP!N58+PI!N58+CH!N58+BA!N58 -> 214347.86
B59: 2021 | C59: =+AB!C59+EF!C59+EP!C59+PI!C59+CH!C59+BA!C59 -> 282067.66 | D59: =+AB!D59+EF!D59+EP!D59+PI!D59+CH!D59+BA!D59 -> 318904.74 | E59: =+AB!E59+EF!E59+EP!E59+PI!E59+CH!E59+BA!E59 -> 389782.98 | F59: =+AB!F59+EF!F59+EP!F59+PI!F59+CH!F59+BA!F59 -> 401207.52 | G59: =+AB!G59+EF!G59+EP!G59+PI!G59+CH!G59+BA!G59 -> 386123.85 | H59: =+AB!H59+EF!H59+EP!H59+PI!H59+CH!H59+BA!H59 -> 365537.97 | I59: =+AB!I59+EF!I59+EP!I59+PI!I59+CH!I59+BA!I59 -> 339593.54 | J59: =+AB!J59+EF!J59+EP!J59+PI!J59+CH!J59+BA!J59 -> 307940.57 | ... N59: =+AB!N59+EF!N59+EP!N59+PI!N59+CH!N59+BA!N59 -> 206535.78
B60: 2022 | C60: =+AB!C60+EF!C60+EP!C60+PI!C60+CH!C60+BA!C60 -> 297833.28 | D60: =+AB!D60+EF!D60+EP!D60+PI!D60+CH!D60+BA!D60 -> 366035.25 | E60: =+AB!E60+EF!E60+EP!E60+PI!E60+CH!E60+BA!E60 -> 387386.53 | F60: =+AB!F60+EF!F60+EP!F60+PI!F60+CH!F60+BA!F60 -> 380465.16 | G60: =+AB!G60+EF!G60+EP!G60+PI!G60+CH!G60+BA!G60 -> 355629.8 | H60: =+AB!H60+EF!H60+EP!H60+PI!H60+CH!H60+BA!H60 -> 331521.49 | I60: =+AB!I60+EF!I60+EP!I60+PI!I60+CH!I60+BA!I60 -> 306516.19 | J60: =+AB!J60+EF!J60+EP!J60+PI!J60+CH!J60+BA!J60 -> 272857.79 | ... N60: =+AB!N60+EF!N60+EP!N60+PI!N60+CH!N60+BA!N60 -> 151796.51
... B63: 2025 | C63: =+AB!C63+EF!C63+EP!C63+PI!C63+CH!C63+BA!C63 -> 250434.06 | D63: =+AB!D63+EF!D63+EP!D63+PI!D63+CH!D63+BA!D63 -> 366824.65 | E63: =+AB!E63+EF!E63+EP!E63+PI!E63+CH!E63+BA!E63 -> 408684.4 | F63: =+AB!F63+EF!F63+EP!F63+PI!F63+CH!F63+BA!F63 -> 400776.13 | G63: =+AB!G63+EF!G63+EP!G63+PI!G63+CH!G63+BA!G63 -> 390734.44 | H63: =+AB!H63+EF!H63+EP!H63+PI!H63+CH!H63+BA!H63 -> 371866.82 | I63: =+AB!I63+EF!I63+EP!I63+PI!I63+CH!I63+BA!I63 -> 348548.29 | J63: =+AB!J63+EF!J63+EP!J63+PI!J63+CH!J63+BA!J63 -> 320840.64 | ... N63: =+AB!N63+EF!N63+EP!N63+PI!N63+CH!N63+BA!N63 -> 0
A66: <<<insertar
B67: * CHALHUANCA DESDE ENERO 2009
B68: * BAMPUTAÑE DESDE DICIEMBRE 2010

Sheet CAUDAL
B1: CUENCA DEL RIO CHILI - AREQUIPA
B2: REPRESA DE AGUADA BLANCA
B3: CAUDAL REGULADO ( m3 / s )
B5: AÑO | C5: ENERO | D5: FEBRERO | E5: MARZO | F5: ABRIL | G5: MAYO | H5: JUNIO | I5: JULIO | J5: AGOSTO | K5: SETIEMBRE | L5: OCTUBRE | M5: NOVIEMBRE | N5: DICIEMBRE | O5: PROMEDIOS
B6: 1968
B7: 1969
B8: 1970
B9: 1971
B10: 1972 | C10: 7.89 | D10: 35.28 | E10: 61.42 | F10: 16.07 | G10: 7.72 | H10: 7.47 | I10: 8.48 | J10: 8.32 | K10: 7.75 | L10: 8.48 | M10: 8.87 | N10: 11.69 | O10: =AVERAGE(C10:N10) -> 15.786667
B11: 1973 | C11: 40.48 | D11: 53.16 | E11: 45.21 | F11: 18.2 | G11: 14.95 | H11: 14.47 | I11: 10.96 | J11: 11.33 | K11: 10.16 | L11: 10.87 | M11: 13.47 | N11: 12.07 | O11: =AVERAGE(C11:N11) -> 21.2775
B12: 1974 | C12: 38.84 | D12: 32.89 | E12: 25.98 | F12: 14.08 | G12: 14.75 | H12: 15.22 | I12: 17.88 | J12: 15.56 | K12: 12.59 | L12: 12.21 | M12: 12.6 | N12: 13.69 | O12: =AVERAGE(C12:N12) -> 18.8575
B13: 1975 | C13: 15.14 | D13: 34.68 | E13: 26 | F13: 16 | G13: 15.34 | H13: 15.74 | I13: 16.2 | J13: 15.98 | K13: 15.17 | L13: 15.21 | M13: 13.31 | N13: 14.23 | O13: =AVERAGE(C13:N13) -> 17.75
B14: 1976 | C14: 14.77 | D14: 16.5 | E14: 16.57 | F14: 10.42 | G14: 10 | H14: 10.52 | I14: 9.77 | J14: 8.86 | K14: 10.32 | L14: 9.39 | M14: 9.34 | N14: 9.84 | O14: =AVERAGE(C14:N14) -> 11.358333
B15: 1977 | C15: 8.54 | D15: 6.89 | E15: 35.21 | F15: 9.55 | G15: 8.39 | H15: 8.54 | I15: 8.73 | J15: 8.91 | K15: 9.34 | L15: 10.76 | M15: 10.82 | N15: 11.27 | O15: =AVERAGE(C15:N15) -> 11.4125
B16: 1978 | C16: 10.86 | D16: 15 | E16: 9.2 | F16: 8.65 | G16: 8.74 | H16: 8.24 | I16: 8.32 | J16: 8.4 | K16: 8.69 | L16: 8.87 | M16: 9.18 | N16: 9.3 | O16: =AVERAGE(C16:N16) -> 9.4541667
B17: 1979 | C17: 9.37 | D17: 9.03 | E17: 8.39 | F17: 8 | G17: 8.3 | H17: 8.17 | I17: 8.15 | J17: 7.9 | K17: 8.49 | L17: 8.34 | M17: 8.74 | N17: 8.87 | O17: =AVERAGE(C17:N17) -> 8.4791667
B18: 1980 | C18: 8.9 | D18: 8.74 | E18: 7.83 | F18: 7.13 | G18: 6.36 | H18: 5.41 | I18: 5.17 | J18: 5.34 | K18: 4.35 | L18: 4.7 | M18: 5.53 | N18: 5.92 | O18: =AVERAGE(C18:N18) -> 6.2816667
B19: 1981 | C19: 6.09 | D19: 14.78 | E19: 23.33 | F19: 10.94 | G19: 10.25 | H19: 10.34 | I19: 10.24 | J19: 10.26 | K19: 10.68 | L19: 11.29 | M19: 11.38 | N19: 11.12 | O19: =AVERAGE(C19:N19) -> 11.725
B20: 1982 | C20: 12.49 | D20: 11.72 | E20: 9.08 | F20: 9.05 | G20: 8.19 | H20: 7.63 | I20: 8.18 | J20: 8.42 | K20: 8.49 | L20: 8.81 | M20: 10.1 | N20: 9.74 | O20: =AVERAGE(C20:N20) -> 9.325
B21: 1983 | C21: 9.37 | D21: 8.08 | E21: 7.84 | F21: 6.17 | G21: 4.04 | H21: 3.71 | I21: 3.73 | J21: 3.74 | K21: 3.74 | L21: 4.65 | M21: 4.98 | N21: 4.97 | O21: =AVERAGE(C21:N21) -> 5.4183333
... B62: 2024 | C62: 8.9 | D62: 9.39 | E62: 23.7 | F62: 18.69 | G62: 11.3 | H62: 11.5 | I62: 11.9 | J62: 12.7 | K62: 12.7 | L62: 12.8 | M62: 12.8 | N62: 12.7 | O62: =AVERAGE(C62:N62) -> 13.256667
B63: 2025 | C63: 11.01 | D63: 18.32 | E63: 23.22 | F63: 20.84 | G63: 12.4 | H63: 12.68 | I63: 12.5 | J63: 12.91 | K63: 13.56 | L63: 13.23 | M63: 13.2 | O63: =AVERAGE(C63:N63) -> 14.897273
B64: Máximo | C64: =MAX(C6:C63) -> 40.48 | D64: =MAX(D6:D63) -> 53.16 | E64: =MAX(E6:E63) -> 63 | F64: =MAX(F6:F63) -> 39.96 | G64: =MAX(G6:G63) -> 19.902581 | H64: =MAX(H6:H63) -> 15.74 | I64: =MAX(I6:I63) -> 17.88 | J64: =MAX(J6:J63) -> 15.98 | ... N64: =MAX(N6:N63) -> 18.61
B65: Promedio | C65: =AVERAGE(C6:C63) -> 13.183159 | D65: =AVERAGE(D6:D63) -> 17.13132 | E65: =AVERAGE(E6:E63) -> 18.735278 | F65: =AVERAGE(F6:F63) -> 13.59597 | G65: =AVERAGE(G6:G63) -> 10.555582 | H65: =AVERAGE(H6:H63) -> 10.124587 | I65: =AVERAGE(I6:I63) -> 10.088889 | J65: =AVERAGE(J6:J63) -> 10.303224 | ... N65: =AVERAGE(N6:N63) -> 11.288515
B66: Mínimo | C66: =MIN(C6:C63) -> 5.171 | D66: =MIN(D6:D63) -> 5.69 | E66: =MIN(E6:E63) -> 3.86 | F66: =MIN(F6:F63) -> 3.77 | G66: =MIN(G6:G63) -> 3.89 | H66: =MIN(H6:H63) -> 3.71 | I66: =MIN(I6:I63) -> 3.73 | J66: =MIN(J6:J63) -> 3.74 | ... N66: =MIN(N6:N63) -> 3.71

Sheet RESUMEN
D5: RESUMEN VOLUMENES Y CAUDAL
D10: ACA MOSTRAR GRAFICOS DE CONTROL EVOLUCION ETC}
